STEP 1/11: FROM python:3.12-slim
STEP 2/11: COPY --from=ghcr.io/astral-sh/uv:latest /uv /usr/local/bin/uv
--> c1a08e587641
STEP 3/11: COPY hermeto-output /hermeto-output
--> e8aa637e8f01
STEP 4/11: COPY hermeto.env /hermeto.env
--> 725b052db12f
STEP 5/11: COPY pyproject.toml /app/pyproject.toml
--> e1d9b7c1f0cb
STEP 6/11: COPY uv.lock /app/uv.lock
--> a28acea9c348
STEP 7/11: COPY README.md /app/README.md
--> fafd36d67c34
STEP 8/11: WORKDIR /app
--> e9cb3db03997
STEP 9/11: RUN . /hermeto.env && uv build --wheel --verbose
DEBUG uv 0.11.2 (x86_64-unknown-linux-musl)
DEBUG Found workspace root: `/app`
DEBUG No Python version file found in ancestors of working directory: /app
DEBUG Using request connect timeout of 10s and read timeout of 30s
DEBUG Searching for Python >=3.12 in virtual environments, managed installations, or search path
DEBUG Searching for managed installations at `/root/.local/share/uv/python`
DEBUG Found `cpython-3.12.13-linux-x86_64-gnu` at `/usr/local/bin/python3` (first executable in the search path)
DEBUG Using request connect timeout of 10s and read timeout of 30s
DEBUG Ignoring `--find-links` entry (expected a wheel or source distribution filename): /hermeto-output/deps/uv/flask-gitcommit-7fff56f5.tar.gz
DEBUG Found 25 packages in `--find-links` entry: file:///hermeto-output/deps/uv
DEBUG Not using `uv_build` direct build for `.` because `build_system.build-backend` is not `uv_build`, but `hatchling.build`
Building wheel...
DEBUG No workspace root found, using project root
DEBUG Using base executable for virtual environment: /usr/local/bin/python3
DEBUG Resolving build requirements
DEBUG Solving with installed Python version: 3.12.13
DEBUG Solving with target Python version: >=3.12.13
DEBUG Adding direct dependency: hatchling*
DEBUG No cache entry for: https://pypi.org/simple/hatchling/
DEBUG Sending fresh GET request for: https://pypi.org/simple/hatchling/
DEBUG Searching for a compatible version of hatchling (*)
DEBUG Selecting: hatchling==1.29.0 [compatible] (hatchling-1.29.0.tar.gz)
DEBUG Unpacking source distribution: hatchling==1.29.0
DEBUG Unpacking for build: /hermeto-output/deps/uv/hatchling-1.29.0.tar.gz
DEBUG Found static `pyproject.toml` for: hatchling==1.29.0
DEBUG Adding transitive dependency for hatchling==1.29.0: packaging>=24.2
DEBUG Adding transitive dependency for hatchling==1.29.0: pathspec>=0.10.1
DEBUG Adding transitive dependency for hatchling==1.29.0: pluggy>=1.0.0
DEBUG Adding transitive dependency for hatchling==1.29.0: trove-classifiers*
DEBUG No cache entry for: https://pypi.org/simple/packaging/
DEBUG Sending fresh GET request for: https://pypi.org/simple/packaging/
DEBUG Searching for a compatible version of packaging (>=24.2)
DEBUG Selecting: packaging==26.2 [compatible] (packaging-26.2.tar.gz)
DEBUG No cache entry for: https://pypi.org/simple/pathspec/
DEBUG Sending fresh GET request for: https://pypi.org/simple/pathspec/
DEBUG No cache entry for: https://pypi.org/simple/pluggy/
DEBUG Sending fresh GET request for: https://pypi.org/simple/pluggy/
DEBUG No cache entry for: https://pypi.org/simple/trove-classifiers/
DEBUG Sending fresh GET request for: https://pypi.org/simple/trove-classifiers/
DEBUG Unpacking source distribution: packaging==26.2
DEBUG Unpacking for build: /hermeto-output/deps/uv/packaging-26.2.tar.gz
DEBUG Unpacking source distribution: pathspec==1.1.1
DEBUG Unpacking for build: /hermeto-output/deps/uv/pathspec-1.1.1.tar.gz
DEBUG Unpacking source distribution: pluggy==1.6.0
DEBUG Unpacking for build: /hermeto-output/deps/uv/pluggy-1.6.0.tar.gz
DEBUG Unpacking source distribution: trove-classifiers==2026.5.7.17
DEBUG Unpacking for build: /hermeto-output/deps/uv/trove_classifiers-2026.5.7.17.tar.gz
DEBUG No static `pyproject.toml` available for: trove-classifiers==2026.5.7.17 (FieldNotFound("project"))
DEBUG Found static `PKG-INFO` for: trove-classifiers==2026.5.7.17
DEBUG Found static `pyproject.toml` for: pluggy==1.6.0
DEBUG Found static `pyproject.toml` for: packaging==26.2
DEBUG Searching for a compatible version of pathspec (>=0.10.1)
DEBUG Selecting: pathspec==1.1.1 [compatible] (pathspec-1.1.1.tar.gz)
DEBUG Found static `pyproject.toml` for: pathspec==1.1.1
DEBUG Searching for a compatible version of pluggy (>=1.0.0)
DEBUG Selecting: pluggy==1.6.0 [compatible] (pluggy-1.6.0.tar.gz)
DEBUG Searching for a compatible version of trove-classifiers (*)
DEBUG Selecting: trove-classifiers==2026.5.7.17 [compatible] (trove_classifiers-2026.5.7.17.tar.gz)
DEBUG Tried 5 versions: hatchling 1, packaging 1, pathspec 1, pluggy 1, trove-classifiers 1
DEBUG marker environment resolution took 0.111s
DEBUG Installing in pathspec==1.1.1, pluggy==1.6.0, hatchling==1.29.0, trove-classifiers==2026.5.7.17, packaging==26.2 in /root/.cache/uv/builds-v0/.tmpxx3H9W
DEBUG Identified uncached distribution: pathspec==1.1.1
DEBUG Identified uncached distribution: pluggy==1.6.0
DEBUG Identified uncached distribution: hatchling==1.29.0
DEBUG Identified uncached distribution: trove-classifiers==2026.5.7.17
DEBUG Identified uncached distribution: packaging==26.2
DEBUG Downloading and building requirements for build: pathspec==1.1.1, pluggy==1.6.0, hatchling==1.29.0, trove-classifiers==2026.5.7.17, packaging==26.2
DEBUG Building: pathspec==1.1.1
DEBUG Building: pluggy==1.6.0
DEBUG Building: hatchling==1.29.0
DEBUG Building: trove-classifiers==2026.5.7.17
DEBUG Building: packaging==26.2
DEBUG Assessing Python executable as base candidate: /usr/local/bin/python3
DEBUG Reusing existing build environment for: pathspec==1.1.1
DEBUG Assessing Python executable as base candidate: /usr/local/bin/python3
DEBUG Reusing existing build environment for: pluggy==1.6.0
DEBUG Assessing Python executable as base candidate: /usr/local/bin/python3
DEBUG Reusing existing build environment for: hatchling==1.29.0
DEBUG Assessing Python executable as base candidate: /usr/local/bin/python3
DEBUG Reusing existing build environment for: trove-classifiers==2026.5.7.17
DEBUG Assessing Python executable as base candidate: /usr/local/bin/python3
DEBUG Reusing existing build environment for: packaging==26.2
DEBUG No workspace root found, using project root
DEBUG Using base executable for virtual environment: /usr/local/bin/python3
DEBUG Resolving build requirements
DEBUG Solving with installed Python version: 3.12.13
DEBUG Solving with target Python version: >=3.12.13
DEBUG No workspace root found, using project root
DEBUG Using base executable for virtual environment: /usr/local/bin/python3
DEBUG Adding direct dependency: flit-core>=3.2, <5
DEBUG Resolving build requirements
DEBUG No workspace root found, using project root
DEBUG Using base executable for virtual environment: /usr/local/bin/python3
DEBUG Solving with installed Python version: 3.12.13
DEBUG Solving with target Python version: >=3.12.13
DEBUG Adding direct dependency: setuptools>=65.0
DEBUG Adding direct dependency: setuptools-scm[toml]>=8.0
DEBUG Resolving build requirements
DEBUG Using base executable for virtual environment: /usr/local/bin/python3
DEBUG Solving with installed Python version: 3.12.13
DEBUG Solving with target Python version: >=3.12.13
DEBUG Tried 0 versions: 
DEBUG marker environment resolution took 0.000s
DEBUG Resolving build requirements
DEBUG Solving with installed Python version: 3.12.13
DEBUG Solving with target Python version: >=3.12.13
DEBUG No workspace root found, using project root
DEBUG Adding direct dependency: setuptools*
DEBUG Using base executable for virtual environment: /usr/local/bin/python3
DEBUG Adding direct dependency: calver*
DEBUG Resolving build requirements
DEBUG Installing in  in /root/.cache/uv/builds-v0/.tmpUFYoSn
DEBUG Solving with installed Python version: 3.12.13
DEBUG Solving with target Python version: >=3.12.13
DEBUG Adding direct dependency: flit-core>=3.12
DEBUG No build requirements to install for build
DEBUG Creating PEP 517 build environment
DEBUG Calling `hatchling.ouroboros.get_requires_for_build_wheel()`
DEBUG No cache entry for: https://pypi.org/simple/flit-core/
DEBUG Sending fresh GET request for: https://pypi.org/simple/flit-core/
DEBUG Searching for a compatible version of flit-core (>=3.2, <5)
DEBUG Selecting: flit-core==3.12.0 [compatible] (flit_core-3.12.0.tar.gz)
DEBUG Searching for a compatible version of flit-core (>=3.12)
DEBUG Selecting: flit-core==3.12.0 [compatible] (flit_core-3.12.0.tar.gz)
DEBUG No cache entry for: https://pypi.org/simple/setuptools/
DEBUG Sending fresh GET request for: https://pypi.org/simple/setuptools/
DEBUG No cache entry for: https://pypi.org/simple/setuptools-scm/
DEBUG Sending fresh GET request for: https://pypi.org/simple/setuptools-scm/
DEBUG Searching for a compatible version of setuptools (*)
DEBUG Searching for a compatible version of setuptools (>=65.0)
DEBUG Selecting: setuptools==82.0.1 [compatible] (setuptools-82.0.1.tar.gz)
DEBUG Selecting: setuptools==82.0.1 [compatible] (setuptools-82.0.1.tar.gz)
DEBUG No cache entry for: https://pypi.org/simple/calver/
DEBUG Sending fresh GET request for: https://pypi.org/simple/calver/
DEBUG Unpacking source distribution: flit-core==3.12.0
DEBUG Unpacking for build: /hermeto-output/deps/uv/flit_core-3.12.0.tar.gz
DEBUG Unpacking source distribution: setuptools==82.0.1
DEBUG Unpacking for build: /hermeto-output/deps/uv/setuptools-82.0.1.tar.gz
DEBUG Unpacking source distribution: setuptools-scm==10.0.5
DEBUG Unpacking for build: /hermeto-output/deps/uv/setuptools_scm-10.0.5.tar.gz
DEBUG Unpacking source distribution: calver==2025.10.20
DEBUG Unpacking for build: /hermeto-output/deps/uv/calver-2025.10.20.tar.gz
DEBUG Found static `pyproject.toml` for: calver==2025.10.20
DEBUG Found static `pyproject.toml` for: setuptools-scm==10.0.5
DEBUG Found static `pyproject.toml` for: flit-core==3.12.0
DEBUG Tried 1 versions: flit-core 1
DEBUG marker environment resolution took 0.116s
DEBUG Tried 1 versions: flit-core 1
DEBUG marker environment resolution took 0.093s
DEBUG Installing in flit-core==3.12.0 in /root/.cache/uv/builds-v0/.tmpJ9gFDE
DEBUG Identified uncached distribution: flit-core==3.12.0
DEBUG Downloading and building requirement for build: flit-core==3.12.0
DEBUG Installing in flit-core==3.12.0 in /root/.cache/uv/builds-v0/.tmppeKCzt
DEBUG Identified uncached distribution: flit-core==3.12.0
DEBUG Downloading and building requirement for build: flit-core==3.12.0
DEBUG Building: flit-core==3.12.0
DEBUG Assessing Python executable as base candidate: /usr/local/bin/python3
DEBUG Reusing existing build environment for: flit-core==3.12.0
DEBUG No workspace root found, using project root
DEBUG Using base executable for virtual environment: /usr/local/bin/python3
DEBUG Resolving build requirements
DEBUG Solving with installed Python version: 3.12.13
DEBUG Solving with target Python version: >=3.12.13
DEBUG Tried 0 versions: 
DEBUG marker environment resolution took 0.000s
DEBUG Installing in  in /root/.cache/uv/builds-v0/.tmpdDCNii
DEBUG No build requirements to install for build
DEBUG Creating PEP 517 build environment
DEBUG Calling `flit_core.buildapi.get_requires_for_build_wheel()`
DEBUG No workspace root found, using project root
DEBUG Installing extra requirements for build backend
DEBUG Solving with installed Python version: 3.12.13
DEBUG Solving with target Python version: >=3.12.13
DEBUG Adding direct dependency: packaging>=24.2
DEBUG Adding direct dependency: pathspec>=0.10.1
DEBUG Adding direct dependency: pluggy>=1.0.0
DEBUG Adding direct dependency: trove-classifiers*
DEBUG Searching for a compatible version of packaging (>=24.2)
DEBUG Selecting: packaging==26.2 [compatible] (packaging-26.2.tar.gz)
DEBUG Searching for a compatible version of pathspec (>=0.10.1)
DEBUG Selecting: pathspec==1.1.1 [compatible] (pathspec-1.1.1.tar.gz)
DEBUG Searching for a compatible version of pluggy (>=1.0.0)
DEBUG Selecting: pluggy==1.6.0 [compatible] (pluggy-1.6.0.tar.gz)
DEBUG Searching for a compatible version of trove-classifiers (*)
DEBUG Selecting: trove-classifiers==2026.5.7.17 [compatible] (trove_classifiers-2026.5.7.17.tar.gz)
DEBUG Tried 4 versions: packaging 1, pathspec 1, pluggy 1, trove-classifiers 1
DEBUG marker environment resolution took 0.000s
DEBUG Installing in pathspec==1.1.1, pluggy==1.6.0, trove-classifiers==2026.5.7.17, packaging==26.2 in /root/.cache/uv/builds-v0/.tmpUFYoSn
DEBUG Identified uncached distribution: pathspec==1.1.1
DEBUG Identified uncached distribution: pluggy==1.6.0
DEBUG Identified uncached distribution: trove-classifiers==2026.5.7.17
DEBUG Identified uncached distribution: packaging==26.2
DEBUG Downloading and building requirements for build: pathspec==1.1.1, pluggy==1.6.0, trove-classifiers==2026.5.7.17, packaging==26.2
DEBUG Found static `pyproject.toml` for: setuptools==82.0.1
DEBUG Searching for a compatible version of setuptools-scm[toml] (>=8.0)
DEBUG Selecting: setuptools-scm==10.0.5 [compatible] (setuptools_scm-10.0.5.tar.gz)
DEBUG Searching for a compatible version of calver (*)
DEBUG Selecting: calver==2025.10.20 [compatible] (calver-2025.10.20.tar.gz)
DEBUG Adding transitive dependency for setuptools-scm==10.0.5: setuptools-scm==10.0.5
DEBUG Adding transitive dependency for setuptools-scm==10.0.5: setuptools-scm[toml]==10.0.5
DEBUG Tried 2 versions: calver 1, setuptools 1
DEBUG marker environment resolution took 0.311s
DEBUG Searching for a compatible version of setuptools-scm (==10.0.5)
DEBUG Selecting: setuptools-scm==10.0.5 [compatible] (setuptools_scm-10.0.5.tar.gz)
DEBUG Adding transitive dependency for setuptools-scm==10.0.5: vcs-versioning>=1.0.0.dev0
DEBUG Adding transitive dependency for setuptools-scm==10.0.5: packaging>=20
DEBUG Adding transitive dependency for setuptools-scm==10.0.5: setuptools*
DEBUG Searching for a compatible version of setuptools-scm[toml] (==10.0.5)
DEBUG Selecting: setuptools-scm==10.0.5 [compatible] (setuptools_scm-10.0.5.tar.gz)
DEBUG Installing in calver==2025.10.20, setuptools==82.0.1 in /root/.cache/uv/builds-v0/.tmpIxYJkH
DEBUG Identified uncached distribution: calver==2025.10.20
DEBUG Identified uncached distribution: setuptools==82.0.1
DEBUG Downloading and building requirements for build: calver==2025.10.20, setuptools==82.0.1
DEBUG No cache entry for: https://pypi.org/simple/vcs-versioning/
DEBUG Sending fresh GET request for: https://pypi.org/simple/vcs-versioning/
DEBUG Searching for a compatible version of vcs-versioning (>=1.0.0.dev0)
DEBUG Selecting: vcs-versioning==1.1.1 [compatible] (vcs_versioning-1.1.1.tar.gz)
DEBUG Building: calver==2025.10.20
DEBUG Building: setuptools==82.0.1
DEBUG Unpacking source distribution: vcs-versioning==1.1.1
DEBUG Unpacking for build: /hermeto-output/deps/uv/vcs_versioning-1.1.1.tar.gz
DEBUG Assessing Python executable as base candidate: /usr/local/bin/python3
DEBUG Reusing existing build environment for: calver==2025.10.20
DEBUG Assessing Python executable as base candidate: /usr/local/bin/python3
DEBUG Reusing existing build environment for: setuptools==82.0.1
DEBUG No workspace root found, using project root
DEBUG Using base executable for virtual environment: /usr/local/bin/python3
DEBUG Resolving build requirements
DEBUG Solving with installed Python version: 3.12.13
DEBUG Solving with target Python version: >=3.12.13
DEBUG Adding direct dependency: setuptools>=77.0.1
DEBUG No workspace root found, using project root
DEBUG Searching for a compatible version of setuptools (>=77.0.1)
DEBUG Using base executable for virtual environment: /usr/local/bin/python3
DEBUG Selecting: setuptools==82.0.1 [compatible] (setuptools-82.0.1.tar.gz)
DEBUG Tried 1 versions: setuptools 1
DEBUG marker environment resolution took 0.000s
DEBUG Resolving build requirements
DEBUG Solving with installed Python version: 3.12.13
DEBUG Solving with target Python version: >=3.12.13
DEBUG Installing in setuptools==82.0.1 in /root/.cache/uv/builds-v0/.tmpXs2szX
DEBUG Tried 0 versions: 
DEBUG marker environment resolution took 0.000s
DEBUG Identified uncached distribution: setuptools==82.0.1
DEBUG Downloading and building requirement for build: setuptools==82.0.1
DEBUG Installing in  in /root/.cache/uv/builds-v0/.tmpn15FsO
DEBUG No build requirements to install for build
DEBUG Creating PEP 517 build environment
DEBUG Calling `setuptools.build_meta.get_requires_for_build_wheel()`
DEBUG Found static `pyproject.toml` for: vcs-versioning==1.1.1
DEBUG Adding transitive dependency for vcs-versioning==1.1.1: packaging>=20
DEBUG Searching for a compatible version of packaging (>=20)
DEBUG Selecting: packaging==26.2 [compatible] (packaging-26.2.tar.gz)
DEBUG Tried 4 versions: packaging 1, setuptools 1, setuptools-scm 1, vcs-versioning 1
DEBUG marker environment resolution took 0.397s
DEBUG Installing in setuptools-scm==10.0.5, vcs-versioning==1.1.1, setuptools==82.0.1, packaging==26.2 in /root/.cache/uv/builds-v0/.tmpxe0vJG
DEBUG Identified uncached distribution: setuptools-scm==10.0.5
DEBUG Identified uncached distribution: vcs-versioning==1.1.1
DEBUG Identified uncached distribution: setuptools==82.0.1
DEBUG Identified uncached distribution: packaging==26.2
DEBUG Downloading and building requirements for build: setuptools-scm==10.0.5, vcs-versioning==1.1.1, setuptools==82.0.1, packaging==26.2
DEBUG Building: setuptools-scm==10.0.5
DEBUG Building: vcs-versioning==1.1.1
DEBUG Assessing Python executable as base candidate: /usr/local/bin/python3
DEBUG Reusing existing build environment for: setuptools-scm==10.0.5
DEBUG Assessing Python executable as base candidate: /usr/local/bin/python3
DEBUG Reusing existing build environment for: vcs-versioning==1.1.1
DEBUG No workspace root found, using project root
DEBUG Using base executable for virtual environment: /usr/local/bin/python3
DEBUG Resolving build requirements
DEBUG Solving with installed Python version: 3.12.13
DEBUG Solving with target Python version: >=3.12.13
DEBUG No workspace root found, using project root
DEBUG Adding direct dependency: setuptools>=77.0.3
DEBUG Adding direct dependency: vcs-versioning>=1.0.0.dev0
DEBUG Searching for a compatible version of setuptools (>=77.0.3)
DEBUG Selecting: setuptools==82.0.1 [compatible] (setuptools-82.0.1.tar.gz)
DEBUG Searching for a compatible version of vcs-versioning (>=1.0.0.dev0)
DEBUG Selecting: vcs-versioning==1.1.1 [compatible] (vcs_versioning-1.1.1.tar.gz)
DEBUG Adding transitive dependency for vcs-versioning==1.1.1: packaging>=20
DEBUG Searching for a compatible version of packaging (>=20)
DEBUG Selecting: packaging==26.2 [compatible] (packaging-26.2.tar.gz)
DEBUG Tried 3 versions: packaging 1, setuptools 1, vcs-versioning 1
DEBUG marker environment resolution took 0.001s
DEBUG Using base executable for virtual environment: /usr/local/bin/python3
DEBUG Resolving build requirements
DEBUG Installing in setuptools==82.0.1, vcs-versioning==1.1.1, packaging==26.2 in /root/.cache/uv/builds-v0/.tmpO0sdFP
DEBUG Solving with installed Python version: 3.12.13
DEBUG Solving with target Python version: >=3.12.13
DEBUG Adding direct dependency: setuptools>=77.0.3
DEBUG Adding direct dependency: packaging>=20
DEBUG Searching for a compatible version of setuptools (>=77.0.3)
DEBUG Selecting: setuptools==82.0.1 [compatible] (setuptools-82.0.1.tar.gz)
DEBUG Searching for a compatible version of packaging (>=20)
DEBUG Selecting: packaging==26.2 [compatible] (packaging-26.2.tar.gz)
DEBUG Tried 2 versions: packaging 1, setuptools 1
DEBUG marker environment resolution took 0.001s
DEBUG Identified uncached distribution: setuptools==82.0.1
DEBUG Identified uncached distribution: vcs-versioning==1.1.1
DEBUG Identified uncached distribution: packaging==26.2
DEBUG Downloading and building requirements for build: setuptools==82.0.1, vcs-versioning==1.1.1, packaging==26.2
DEBUG Installing in setuptools==82.0.1, packaging==26.2 in /root/.cache/uv/builds-v0/.tmploRx6F
DEBUG Identified uncached distribution: setuptools==82.0.1
DEBUG Identified uncached distribution: packaging==26.2
DEBUG Downloading and building requirements for build: setuptools==82.0.1, packaging==26.2
DEBUG No workspace root found, using project root
DEBUG Calling `flit_core.buildapi.build_wheel("/root/.cache/uv/builds-v0/.tmptUhyOg", {}, None)`
DEBUG Built `flit-core==3.12.0` into `flit_core-3.12.0-py3-none-any.whl`
DEBUG Installing build requirement: flit-core==3.12.0
DEBUG Installing build requirement: flit-core==3.12.0
DEBUG Failed to reflink `/root/.cache/uv/archive-v0/nnASDGqwd_g8G5i3uW419/flit_core-3.12.0.dist-info/METADATA` to `/root/.cache/uv/builds-v0/.tmpJ9gFDE/lib/python3.12/site-packages/flit_core-3.12.0.dist-info/METADATA`: Not supported (os error 95), falling back
DEBUG Failed to reflink `/root/.cache/uv/archive-v0/nnASDGqwd_g8G5i3uW419/flit_core-3.12.0.dist-info/METADATA` to `/root/.cache/uv/builds-v0/.tmppeKCzt/lib/python3.12/site-packages/flit_core-3.12.0.dist-info/METADATA`: Not supported (os error 95), falling back
DEBUG Creating PEP 517 build environment
DEBUG Calling `flit_core.buildapi.get_requires_for_build_wheel()`
DEBUG Creating PEP 517 build environment
DEBUG Calling `flit_core.buildapi.get_requires_for_build_wheel()`
DEBUG No workspace root found, using project root
DEBUG Calling `flit_core.buildapi.build_wheel("/root/.cache/uv/builds-v0/.tmpXVXqRy", {}, None)`
DEBUG No workspace root found, using project root
DEBUG Calling `flit_core.buildapi.build_wheel("/root/.cache/uv/builds-v0/.tmpFtc7nP", {}, None)`
DEBUG /root/.cache/uv/sdists-v9/index/c1a7fe1c52a1eb11/setuptools/82.0.1/yIQajhOAAu4dnhfMvOtS5/src/setuptools/config/pyprojecttoml.py:72: _ExperimentalConfiguration: `[tool.distutils]` in `pyproject.toml` is still *experimental* and likely to change in future releases.
DEBUG   config = read_configuration(filepath, True, ignore_option_errors, dist)
DEBUG Built `pathspec==1.1.1` into `pathspec-1.1.1-py3-none-any.whl`
DEBUG Built `packaging==26.2` into `packaging-26.2-py3-none-any.whl`
DEBUG running egg_info
DEBUG writing setuptools.egg-info/PKG-INFO
DEBUG writing dependency_links to setuptools.egg-info/dependency_links.txt
DEBUG writing entry points to setuptools.egg-info/entry_points.txt
DEBUG writing requirements to setuptools.egg-info/requires.txt
DEBUG writing top-level names to setuptools.egg-info/top_level.txt
DEBUG reading manifest file 'setuptools.egg-info/SOURCES.txt'
DEBUG reading manifest template 'MANIFEST.in'
DEBUG warning: no files found matching '*.py' under directory 'tests'
DEBUG warning: no files found matching '*.txt' under directory 'docs'
DEBUG warning: no files found matching '*.conf' under directory 'docs'
DEBUG warning: no files found matching '*.css' under directory 'docs'
DEBUG warning: no files found matching '*.css_t' under directory 'docs'
DEBUG warning: no files found matching 'Makefile' under directory 'docs'
DEBUG warning: no files found matching 'indexsidebar.html' under directory 'docs'
DEBUG warning: no files found matching 'COPYING*' anywhere in distribution
DEBUG warning: no files found matching 'AUTHORS*' anywhere in distribution
DEBUG warning: no files found matching 'msvc-build-launcher.cmd'
DEBUG warning: no previously-included files matching '__pycache__' found anywhere in distribution
DEBUG adding license file 'LICENSE'
DEBUG writing manifest file 'setuptools.egg-info/SOURCES.txt'
DEBUG No workspace root found, using project root
DEBUG Locking the source tree for setuptools
DEBUG Calling `setuptools.build_meta.build_wheel("/root/.cache/uv/builds-v0/.tmpI4HLGH", {}, None)`
DEBUG /root/.cache/uv/sdists-v9/index/c1a7fe1c52a1eb11/setuptools/82.0.1/yIQajhOAAu4dnhfMvOtS5/src/setuptools/config/pyprojecttoml.py:72: _ExperimentalConfiguration: `[tool.distutils]` in `pyproject.toml` is still *experimental* and likely to change in future releases.
DEBUG   config = read_configuration(filepath, True, ignore_option_errors, dist)
DEBUG running bdist_wheel
DEBUG running build
DEBUG running build_py
DEBUG creating build/lib/_distutils_hack
DEBUG copying _distutils_hack/override.py -> build/lib/_distutils_hack
DEBUG copying _distutils_hack/__init__.py -> build/lib/_distutils_hack
DEBUG creating build/lib/setuptools
DEBUG copying setuptools/depends.py -> build/lib/setuptools
DEBUG copying setuptools/_static.py -> build/lib/setuptools
DEBUG copying setuptools/_importlib.py -> build/lib/setuptools
DEBUG copying setuptools/_entry_points.py -> build/lib/setuptools
DEBUG copying setuptools/discovery.py -> build/lib/setuptools
DEBUG copying setuptools/_reqs.py -> build/lib/setuptools
DEBUG copying setuptools/_path.py -> build/lib/setuptools
DEBUG copying setuptools/_imp.py -> build/lib/setuptools
DEBUG copying setuptools/msvc.py -> build/lib/setuptools
DEBUG copying setuptools/modified.py -> build/lib/setuptools
DEBUG copying setuptools/windows_support.py -> build/lib/setuptools
DEBUG copying setuptools/launch.py -> build/lib/setuptools
DEBUG copying setuptools/_shutil.py -> build/lib/setuptools
DEBUG copying setuptools/__init__.py -> build/lib/setuptools
DEBUG copying setuptools/errors.py -> build/lib/setuptools
DEBUG copying setuptools/glob.py -> build/lib/setuptools
DEBUG copying setuptools/logging.py -> build/lib/setuptools
DEBUG copying setuptools/installer.py -> build/lib/setuptools
DEBUG copying setuptools/version.py -> build/lib/setuptools
DEBUG copying setuptools/_discovery.py -> build/lib/setuptools
DEBUG copying setuptools/_itertools.py -> build/lib/setuptools
DEBUG copying setuptools/archive_util.py -> build/lib/setuptools
DEBUG copying setuptools/namespaces.py -> build/lib/setuptools
DEBUG copying setuptools/warnings.py -> build/lib/setuptools
DEBUG copying setuptools/_core_metadata.py -> build/lib/setuptools
DEBUG copying setuptools/build_meta.py -> build/lib/setuptools
DEBUG copying setuptools/dist.py -> build/lib/setuptools
DEBUG copying setuptools/wheel.py -> build/lib/setuptools
DEBUG copying setuptools/extension.py -> build/lib/setuptools
DEBUG copying setuptools/monkey.py -> build/lib/setuptools
DEBUG copying setuptools/_normalization.py -> build/lib/setuptools
DEBUG copying setuptools/unicode_utils.py -> build/lib/setuptools
DEBUG copying setuptools/_scripts.py -> build/lib/setuptools
DEBUG creating build/lib/setuptools/config
DEBUG copying setuptools/config/_apply_pyprojecttoml.py -> build/lib/setuptools/config
DEBUG copying setuptools/config/__init__.py -> build/lib/setuptools/config
DEBUG copying setuptools/config/expand.py -> build/lib/setuptools/config
DEBUG copying setuptools/config/pyprojecttoml.py -> build/lib/setuptools/config
DEBUG copying setuptools/config/setupcfg.py -> build/lib/setuptools/config
DEBUG creating build/lib/setuptools/command
DEBUG copying setuptools/command/build_py.py -> build/lib/setuptools/command
DEBUG copying setuptools/command/build.py -> build/lib/setuptools/command
DEBUG copying setuptools/command/alias.py -> build/lib/setuptools/command
DEBUG copying setuptools/command/bdist_egg.py -> build/lib/setuptools/command
DEBUG copying setuptools/command/install_scripts.py -> build/lib/setuptools/command
DEBUG copying setuptools/command/bdist_rpm.py -> build/lib/setuptools/command
DEBUG copying setuptools/command/install.py -> build/lib/setuptools/command
DEBUG copying setuptools/command/saveopts.py -> build/lib/setuptools/command
DEBUG copying setuptools/command/build_ext.py -> build/lib/setuptools/command
DEBUG copying setuptools/command/easy_install.py -> build/lib/setuptools/command
DEBUG copying setuptools/command/egg_info.py -> build/lib/setuptools/command
DEBUG copying setuptools/command/rotate.py -> build/lib/setuptools/command
DEBUG copying setuptools/command/_requirestxt.py -> build/lib/setuptools/command
DEBUG copying setuptools/command/dist_info.py -> build/lib/setuptools/command
DEBUG copying setuptools/command/editable_wheel.py -> build/lib/setuptools/command
DEBUG copying setuptools/command/__init__.py -> build/lib/setuptools/command
DEBUG copying setuptools/command/sdist.py -> build/lib/setuptools/command
DEBUG copying setuptools/command/test.py -> build/lib/setuptools/command
DEBUG copying setuptools/command/develop.py -> build/lib/setuptools/command
DEBUG copying setuptools/command/build_clib.py -> build/lib/setuptools/command
DEBUG copying setuptools/command/setopt.py -> build/lib/setuptools/command
DEBUG copying setuptools/command/install_lib.py -> build/lib/setuptools/command
DEBUG copying setuptools/command/install_egg_info.py -> build/lib/setuptools/command
DEBUG copying setuptools/command/bdist_wheel.py -> build/lib/setuptools/command
DEBUG creating build/lib/setuptools/_distutils
DEBUG copying setuptools/_distutils/dep_util.py -> build/lib/setuptools/_distutils
DEBUG copying setuptools/_distutils/_macos_compat.py -> build/lib/setuptools/_distutils
DEBUG copying setuptools/_distutils/ccompiler.py -> build/lib/setuptools/_distutils
DEBUG copying setuptools/_distutils/filelist.py -> build/lib/setuptools/_distutils
DEBUG copying setuptools/_distutils/spawn.py -> build/lib/setuptools/_distutils
DEBUG copying setuptools/_distutils/zosccompiler.py -> build/lib/setuptools/_distutils
DEBUG copying setuptools/_distutils/text_file.py -> build/lib/setuptools/_distutils
DEBUG copying setuptools/_distutils/sysconfig.py -> build/lib/setuptools/_distutils
DEBUG copying setuptools/_distutils/cmd.py -> build/lib/setuptools/_distutils
DEBUG copying setuptools/_distutils/__init__.py -> build/lib/setuptools/_distutils
DEBUG copying setuptools/_distutils/errors.py -> build/lib/setuptools/_distutils
DEBUG copying setuptools/_distutils/dir_util.py -> build/lib/setuptools/_distutils
DEBUG copying setuptools/_distutils/unixccompiler.py -> build/lib/setuptools/_distutils
DEBUG copying setuptools/_distutils/core.py -> build/lib/setuptools/_distutils
DEBUG copying setuptools/_distutils/version.py -> build/lib/setuptools/_distutils
DEBUG copying setuptools/_distutils/debug.py -> build/lib/setuptools/_distutils
DEBUG copying setuptools/_distutils/versionpredicate.py -> build/lib/setuptools/_distutils
DEBUG copying setuptools/_distutils/_log.py -> build/lib/setuptools/_distutils
DEBUG copying setuptools/_distutils/archive_util.py -> build/lib/setuptools/_distutils
DEBUG copying setuptools/_distutils/file_util.py -> build/lib/setuptools/_distutils
DEBUG copying setuptools/_distutils/fancy_getopt.py -> build/lib/setuptools/_distutils
DEBUG copying setuptools/_distutils/_modified.py -> build/lib/setuptools/_distutils
DEBUG copying setuptools/_distutils/log.py -> build/lib/setuptools/_distutils
DEBUG copying setuptools/_distutils/dist.py -> build/lib/setuptools/_distutils
DEBUG copying setuptools/_distutils/cygwinccompiler.py -> build/lib/setuptools/_distutils
DEBUG copying setuptools/_distutils/util.py -> build/lib/setuptools/_distutils
DEBUG copying setuptools/_distutils/extension.py -> build/lib/setuptools/_distutils
DEBUG copying setuptools/_distutils/_msvccompiler.py -> build/lib/setuptools/_distutils
DEBUG creating build/lib/setuptools/compat
DEBUG copying setuptools/compat/py310.py -> build/lib/setuptools/compat
DEBUG copying setuptools/compat/py39.py -> build/lib/setuptools/compat
DEBUG copying setuptools/compat/__init__.py -> build/lib/setuptools/compat
DEBUG copying setuptools/compat/py311.py -> build/lib/setuptools/compat
DEBUG copying setuptools/compat/py312.py -> build/lib/setuptools/compat
DEBUG creating build/lib/setuptools/config/_validate_pyproject
DEBUG copying setuptools/config/_validate_pyproject/fastjsonschema_exceptions.py -> build/lib/setuptools/config/_validate_pyproject
DEBUG copying setuptools/config/_validate_pyproject/formats.py -> build/lib/setuptools/config/_validate_pyproject
DEBUG copying setuptools/config/_validate_pyproject/extra_validations.py -> build/lib/setuptools/config/_validate_pyproject
DEBUG copying setuptools/config/_validate_pyproject/__init__.py -> build/lib/setuptools/config/_validate_pyproject
DEBUG copying setuptools/config/_validate_pyproject/fastjsonschema_validations.py -> build/lib/setuptools/config/_validate_pyproject
DEBUG copying setuptools/config/_validate_pyproject/error_reporting.py -> build/lib/setuptools/config/_validate_pyproject
DEBUG creating build/lib/setuptools/_distutils/command
DEBUG copying setuptools/_distutils/command/config.py -> build/lib/setuptools/_distutils/command
DEBUG copying setuptools/_distutils/command/build_py.py -> build/lib/setuptools/_distutils/command
DEBUG copying setuptools/_distutils/command/build.py -> build/lib/setuptools/_distutils/command
DEBUG copying setuptools/_distutils/command/install_scripts.py -> build/lib/setuptools/_distutils/command
DEBUG copying setuptools/_distutils/command/bdist_rpm.py -> build/lib/setuptools/_distutils/command
DEBUG copying setuptools/_distutils/command/install.py -> build/lib/setuptools/_distutils/command
DEBUG copying setuptools/_distutils/command/clean.py -> build/lib/setuptools/_distutils/command
DEBUG copying setuptools/_distutils/command/bdist_dumb.py -> build/lib/setuptools/_distutils/command
DEBUG copying setuptools/_distutils/command/build_ext.py -> build/lib/setuptools/_distutils/command
DEBUG copying setuptools/_distutils/command/check.py -> build/lib/setuptools/_distutils/command
DEBUG copying setuptools/_distutils/command/_framework_compat.py -> build/lib/setuptools/_distutils/command
DEBUG copying setuptools/_distutils/command/__init__.py -> build/lib/setuptools/_distutils/command
DEBUG copying setuptools/_distutils/command/sdist.py -> build/lib/setuptools/_distutils/command
DEBUG copying setuptools/_distutils/command/bdist.py -> build/lib/setuptools/_distutils/command
DEBUG copying setuptools/_distutils/command/build_clib.py -> build/lib/setuptools/_distutils/command
DEBUG copying setuptools/_distutils/command/install_lib.py -> build/lib/setuptools/_distutils/command
DEBUG copying setuptools/_distutils/command/install_egg_info.py -> build/lib/setuptools/_distutils/command
DEBUG copying setuptools/_distutils/command/build_scripts.py -> build/lib/setuptools/_distutils/command
DEBUG copying setuptools/_distutils/command/install_data.py -> build/lib/setuptools/_distutils/command
DEBUG copying setuptools/_distutils/command/install_headers.py -> build/lib/setuptools/_distutils/command
DEBUG creating build/lib/setuptools/_distutils/compat
DEBUG copying setuptools/_distutils/compat/py39.py -> build/lib/setuptools/_distutils/compat
DEBUG copying setuptools/_distutils/compat/__init__.py -> build/lib/setuptools/_distutils/compat
DEBUG copying setuptools/_distutils/compat/numpy.py -> build/lib/setuptools/_distutils/compat
DEBUG creating build/lib/setuptools/_distutils/compilers/C
DEBUG copying setuptools/_distutils/compilers/C/base.py -> build/lib/setuptools/_distutils/compilers/C
DEBUG copying setuptools/_distutils/compilers/C/unix.py -> build/lib/setuptools/_distutils/compilers/C
DEBUG copying setuptools/_distutils/compilers/C/msvc.py -> build/lib/setuptools/_distutils/compilers/C
DEBUG copying setuptools/_distutils/compilers/C/cygwin.py -> build/lib/setuptools/_distutils/compilers/C
DEBUG copying setuptools/_distutils/compilers/C/errors.py -> build/lib/setuptools/_distutils/compilers/C
DEBUG copying setuptools/_distutils/compilers/C/zos.py -> build/lib/setuptools/_distutils/compilers/C
DEBUG creating build/lib/setuptools/_vendor/zipp
DEBUG copying setuptools/_vendor/zipp/__init__.py -> build/lib/setuptools/_vendor/zipp
DEBUG copying setuptools/_vendor/zipp/glob.py -> build/lib/setuptools/_vendor/zipp
DEBUG copying setuptools/_vendor/zipp/_functools.py -> build/lib/setuptools/_vendor/zipp
DEBUG creating build/lib/setuptools/_vendor/tomli
DEBUG copying setuptools/_vendor/tomli/__init__.py -> build/lib/setuptools/_vendor/tomli
DEBUG copying setuptools/_vendor/tomli/_types.py -> build/lib/setuptools/_vendor/tomli
DEBUG copying setuptools/_vendor/tomli/_parser.py -> build/lib/setuptools/_vendor/tomli
DEBUG copying setuptools/_vendor/tomli/_re.py -> build/lib/setuptools/_vendor/tomli
DEBUG creating build/lib/setuptools/_vendor/backports
DEBUG copying setuptools/_vendor/backports/__init__.py -> build/lib/setuptools/_vendor/backports
DEBUG creating build/lib/setuptools/_vendor/packaging
DEBUG copying setuptools/_vendor/packaging/_musllinux.py -> build/lib/setuptools/_vendor/packaging
DEBUG copying setuptools/_vendor/packaging/_structures.py -> build/lib/setuptools/_vendor/packaging
DEBUG copying setuptools/_vendor/packaging/_elffile.py -> build/lib/setuptools/_vendor/packaging
DEBUG copying setuptools/_vendor/packaging/utils.py -> build/lib/setuptools/_vendor/packaging
DEBUG copying setuptools/_vendor/packaging/metadata.py -> build/lib/setuptools/_vendor/packaging
DEBUG copying setuptools/_vendor/packaging/requirements.py -> build/lib/setuptools/_vendor/packaging
DEBUG copying setuptools/_vendor/packaging/_manylinux.py -> build/lib/setuptools/_vendor/packaging
DEBUG copying setuptools/_vendor/packaging/specifiers.py -> build/lib/setuptools/_vendor/packaging
DEBUG copying setuptools/_vendor/packaging/__init__.py -> build/lib/setuptools/_vendor/packaging
DEBUG copying setuptools/_vendor/packaging/tags.py -> build/lib/setuptools/_vendor/packaging
DEBUG copying setuptools/_vendor/packaging/pylock.py -> build/lib/setuptools/_vendor/packaging
DEBUG copying setuptools/_vendor/packaging/version.py -> build/lib/setuptools/_vendor/packaging
DEBUG copying setuptools/_vendor/packaging/markers.py -> build/lib/setuptools/_vendor/packaging
DEBUG copying setuptools/_vendor/packaging/_parser.py -> build/lib/setuptools/_vendor/packaging
DEBUG copying setuptools/_vendor/packaging/_tokenizer.py -> build/lib/setuptools/_vendor/packaging
DEBUG creating build/lib/setuptools/_vendor/importlib_metadata
DEBUG copying setuptools/_vendor/importlib_metadata/diagnose.py -> build/lib/setuptools/_vendor/importlib_metadata
DEBUG copying setuptools/_vendor/importlib_metadata/_text.py -> build/lib/setuptools/_vendor/importlib_metadata
DEBUG copying setuptools/_vendor/importlib_metadata/_compat.py -> build/lib/setuptools/_vendor/importlib_metadata
DEBUG copying setuptools/_vendor/importlib_metadata/_typing.py -> build/lib/setuptools/_vendor/importlib_metadata
DEBUG copying setuptools/_vendor/importlib_metadata/__init__.py -> build/lib/setuptools/_vendor/importlib_metadata
DEBUG copying setuptools/_vendor/importlib_metadata/_functools.py -> build/lib/setuptools/_vendor/importlib_metadata
DEBUG copying setuptools/_vendor/importlib_metadata/_itertools.py -> build/lib/setuptools/_vendor/importlib_metadata
DEBUG copying setuptools/_vendor/importlib_metadata/_adapters.py -> build/lib/setuptools/_vendor/importlib_metadata
DEBUG copying setuptools/_vendor/importlib_metadata/_meta.py -> build/lib/setuptools/_vendor/importlib_metadata
DEBUG copying setuptools/_vendor/importlib_metadata/_collections.py -> build/lib/setuptools/_vendor/importlib_metadata
DEBUG creating build/lib/setuptools/_vendor/more_itertools
DEBUG copying setuptools/_vendor/more_itertools/__init__.py -> build/lib/setuptools/_vendor/more_itertools
DEBUG copying setuptools/_vendor/more_itertools/recipes.py -> build/lib/setuptools/_vendor/more_itertools
DEBUG copying setuptools/_vendor/more_itertools/more.py -> build/lib/setuptools/_vendor/more_itertools
DEBUG creating build/lib/setuptools/_vendor/platformdirs
DEBUG copying setuptools/_vendor/platformdirs/unix.py -> build/lib/setuptools/_vendor/platformdirs
DEBUG copying setuptools/_vendor/platformdirs/android.py -> build/lib/setuptools/_vendor/platformdirs
DEBUG copying setuptools/_vendor/platformdirs/__init__.py -> build/lib/setuptools/_vendor/platformdirs
DEBUG copying setuptools/_vendor/platformdirs/windows.py -> build/lib/setuptools/_vendor/platformdirs
DEBUG copying setuptools/_vendor/platformdirs/version.py -> build/lib/setuptools/_vendor/platformdirs
DEBUG copying setuptools/_vendor/platformdirs/__main__.py -> build/lib/setuptools/_vendor/platformdirs
DEBUG copying setuptools/_vendor/platformdirs/api.py -> build/lib/setuptools/_vendor/platformdirs
DEBUG copying setuptools/_vendor/platformdirs/macos.py -> build/lib/setuptools/_vendor/platformdirs
DEBUG creating build/lib/setuptools/_vendor/wheel
DEBUG copying setuptools/_vendor/wheel/_setuptools_logging.py -> build/lib/setuptools/_vendor/wheel
DEBUG copying setuptools/_vendor/wheel/metadata.py -> build/lib/setuptools/_vendor/wheel
DEBUG copying setuptools/_vendor/wheel/_bdist_wheel.py -> build/lib/setuptools/_vendor/wheel
DEBUG copying setuptools/_vendor/wheel/wheelfile.py -> build/lib/setuptools/_vendor/wheel
DEBUG copying setuptools/_vendor/wheel/__init__.py -> build/lib/setuptools/_vendor/wheel
DEBUG copying setuptools/_vendor/wheel/macosx_libfile.py -> build/lib/setuptools/_vendor/wheel
DEBUG copying setuptools/_vendor/wheel/_metadata.py -> build/lib/setuptools/_vendor/wheel
DEBUG copying setuptools/_vendor/wheel/__main__.py -> build/lib/setuptools/_vendor/wheel
DEBUG copying setuptools/_vendor/wheel/bdist_wheel.py -> build/lib/setuptools/_vendor/wheel
DEBUG creating build/lib/setuptools/_vendor/autocommand
DEBUG copying setuptools/_vendor/autocommand/autocommand.py -> build/lib/setuptools/_vendor/autocommand
DEBUG copying setuptools/_vendor/autocommand/autoasync.py -> build/lib/setuptools/_vendor/autocommand
DEBUG copying setuptools/_vendor/autocommand/__init__.py -> build/lib/setuptools/_vendor/autocommand
DEBUG copying setuptools/_vendor/autocommand/errors.py -> build/lib/setuptools/_vendor/autocommand
DEBUG copying setuptools/_vendor/autocommand/autoparse.py -> build/lib/setuptools/_vendor/autocommand
DEBUG copying setuptools/_vendor/autocommand/automain.py -> build/lib/setuptools/_vendor/autocommand
DEBUG creating build/lib/setuptools/_vendor/zipp/compat
DEBUG copying setuptools/_vendor/zipp/compat/py310.py -> build/lib/setuptools/_vendor/zipp/compat
DEBUG copying setuptools/_vendor/zipp/compat/__init__.py -> build/lib/setuptools/_vendor/zipp/compat
DEBUG copying setuptools/_vendor/zipp/compat/py313.py -> build/lib/setuptools/_vendor/zipp/compat
DEBUG copying setuptools/_vendor/zipp/compat/overlay.py -> build/lib/setuptools/_vendor/zipp/compat
DEBUG creating build/lib/setuptools/_vendor/jaraco/context
DEBUG copying setuptools/_vendor/jaraco/context/__init__.py -> build/lib/setuptools/_vendor/jaraco/context
DEBUG creating build/lib/setuptools/_vendor/jaraco/functools
DEBUG copying setuptools/_vendor/jaraco/functools/__init__.py -> build/lib/setuptools/_vendor/jaraco/functools
DEBUG creating build/lib/setuptools/_vendor/jaraco/text
DEBUG copying setuptools/_vendor/jaraco/text/to-dvorak.py -> build/lib/setuptools/_vendor/jaraco/text
DEBUG copying setuptools/_vendor/jaraco/text/to-qwerty.py -> build/lib/setuptools/_vendor/jaraco/text
DEBUG copying setuptools/_vendor/jaraco/text/show-newlines.py -> build/lib/setuptools/_vendor/jaraco/text
DEBUG copying setuptools/_vendor/jaraco/text/__init__.py -> build/lib/setuptools/_vendor/jaraco/text
DEBUG copying setuptools/_vendor/jaraco/text/strip-prefix.py -> build/lib/setuptools/_vendor/jaraco/text
DEBUG copying setuptools/_vendor/jaraco/text/layouts.py -> build/lib/setuptools/_vendor/jaraco/text
DEBUG creating build/lib/setuptools/_vendor/backports/tarfile
DEBUG copying setuptools/_vendor/backports/tarfile/__init__.py -> build/lib/setuptools/_vendor/backports/tarfile
DEBUG copying setuptools/_vendor/backports/tarfile/__main__.py -> build/lib/setuptools/_vendor/backports/tarfile
DEBUG creating build/lib/setuptools/_vendor/backports/tarfile/compat
DEBUG copying setuptools/_vendor/backports/tarfile/compat/__init__.py -> build/lib/setuptools/_vendor/backports/tarfile/compat
DEBUG copying setuptools/_vendor/backports/tarfile/compat/py38.py -> build/lib/setuptools/_vendor/backports/tarfile/compat
DEBUG creating build/lib/setuptools/_vendor/packaging/licenses
DEBUG copying setuptools/_vendor/packaging/licenses/_spdx.py -> build/lib/setuptools/_vendor/packaging/licenses
DEBUG copying setuptools/_vendor/packaging/licenses/__init__.py -> build/lib/setuptools/_vendor/packaging/licenses
DEBUG creating build/lib/setuptools/_vendor/importlib_metadata/compat
DEBUG copying setuptools/_vendor/importlib_metadata/compat/py39.py -> build/lib/setuptools/_vendor/importlib_metadata/compat
DEBUG copying setuptools/_vendor/importlib_metadata/compat/__init__.py -> build/lib/setuptools/_vendor/importlib_metadata/compat
DEBUG copying setuptools/_vendor/importlib_metadata/compat/py311.py -> build/lib/setuptools/_vendor/importlib_metadata/compat
DEBUG creating build/lib/setuptools/_vendor/wheel/_commands
DEBUG copying setuptools/_vendor/wheel/_commands/convert.py -> build/lib/setuptools/_vendor/wheel/_commands
DEBUG copying setuptools/_vendor/wheel/_commands/pack.py -> build/lib/setuptools/_vendor/wheel/_commands
DEBUG copying setuptools/_vendor/wheel/_commands/__init__.py -> build/lib/setuptools/_vendor/wheel/_commands
DEBUG copying setuptools/_vendor/wheel/_commands/tags.py -> build/lib/setuptools/_vendor/wheel/_commands
DEBUG copying setuptools/_vendor/wheel/_commands/unpack.py -> build/lib/setuptools/_vendor/wheel/_commands
DEBUG running egg_info
DEBUG writing setuptools.egg-info/PKG-INFO
DEBUG writing dependency_links to setuptools.egg-info/dependency_links.txt
DEBUG writing entry points to setuptools.egg-info/entry_points.txt
DEBUG writing requirements to setuptools.egg-info/requires.txt
DEBUG writing top-level names to setuptools.egg-info/top_level.txt
DEBUG reading manifest file 'setuptools.egg-info/SOURCES.txt'
DEBUG reading manifest template 'MANIFEST.in'
DEBUG warning: no files found matching '*.py' under directory 'tests'
DEBUG warning: no files found matching '*.txt' under directory 'docs'
DEBUG warning: no files found matching '*.conf' under directory 'docs'
DEBUG warning: no files found matching '*.css' under directory 'docs'
DEBUG warning: no files found matching '*.css_t' under directory 'docs'
DEBUG warning: no files found matching 'Makefile' under directory 'docs'
DEBUG warning: no files found matching 'indexsidebar.html' under directory 'docs'
DEBUG warning: no files found matching 'COPYING*' anywhere in distribution
DEBUG warning: no files found matching 'AUTHORS*' anywhere in distribution
DEBUG warning: no files found matching 'msvc-build-launcher.cmd'
DEBUG warning: no previously-included files matching '__pycache__' found anywhere in distribution
DEBUG adding license file 'LICENSE'
DEBUG writing manifest file 'setuptools.egg-info/SOURCES.txt'
DEBUG /root/.cache/uv/sdists-v9/index/c1a7fe1c52a1eb11/setuptools/82.0.1/yIQajhOAAu4dnhfMvOtS5/src/setuptools/command/build_py.py:215: _Warning: Package 'setuptools._distutils.compilers.C.tests' is absent from the `packages` configuration.
DEBUG !!
DEBUG 
DEBUG         ********************************************************************************
DEBUG         ############################
DEBUG         # Package would be ignored #
DEBUG         ############################
DEBUG         Python recognizes 'setuptools._distutils.compilers.C.tests' as an importable package[^1],
DEBUG         but it is absent from setuptools' `packages` configuration.
DEBUG 
DEBUG         This leads to an ambiguous overall configuration. If you want to distribute this
DEBUG         package, please make sure that 'setuptools._distutils.compilers.C.tests' is explicitly added
DEBUG         to the `packages` configuration field.
DEBUG 
DEBUG         Alternatively, you can also rely on setuptools' discovery methods
DEBUG         (for example by using `find_namespace_packages(...)`/`find_namespace:`
DEBUG         instead of `find_packages(...)`/`find:`).
DEBUG 
DEBUG         You can read more about "package discovery" on setuptools documentation page:
DEBUG 
DEBUG         - https://setuptools.pypa.io/en/latest/userguide/package_discovery.html
DEBUG 
DEBUG         If you don't want 'setuptools._distutils.compilers.C.tests' to be distributed and are
DEBUG         already explicitly excluding 'setuptools._distutils.compilers.C.tests' via
DEBUG         `find_namespace_packages(...)/find_namespace` or `find_packages(...)/find`,
DEBUG         you can try to use `exclude_package_data`, or `include-package-data=False` in
DEBUG         combination with a more fine grained `package-data` configuration.
DEBUG 
DEBUG         You can read more about "package data files" on setuptools documentation page:
DEBUG 
DEBUG         - https://setuptools.pypa.io/en/latest/userguide/datafiles.html
DEBUG 
DEBUG 
DEBUG         [^1]: For Python, any directory (with suitable naming) can be imported,
DEBUG               even if it does not contain any `.py` files.
DEBUG               On the other hand, currently there is no concept of package data
DEBUG               directory, all directories are treated like packages.
DEBUG         ********************************************************************************
DEBUG 
DEBUG !!
DEBUG   check.warn(importable)
DEBUG /root/.cache/uv/sdists-v9/index/c1a7fe1c52a1eb11/setuptools/82.0.1/yIQajhOAAu4dnhfMvOtS5/src/setuptools/command/build_py.py:215: _Warning: Package 'setuptools._distutils.tests' is absent from the `packages` configuration.
DEBUG !!
DEBUG 
DEBUG         ********************************************************************************
DEBUG         ############################
DEBUG         # Package would be ignored #
DEBUG         ############################
DEBUG         Python recognizes 'setuptools._distutils.tests' as an importable package[^1],
DEBUG         but it is absent from setuptools' `packages` configuration.
DEBUG 
DEBUG         This leads to an ambiguous overall configuration. If you want to distribute this
DEBUG         package, please make sure that 'setuptools._distutils.tests' is explicitly added
DEBUG         to the `packages` configuration field.
DEBUG 
DEBUG         Alternatively, you can also rely on setuptools' discovery methods
DEBUG         (for example by using `find_namespace_packages(...)`/`find_namespace:`
DEBUG         instead of `find_packages(...)`/`find:`).
DEBUG 
DEBUG         You can read more about "package discovery" on setuptools documentation page:
DEBUG 
DEBUG         - https://setuptools.pypa.io/en/latest/userguide/package_discovery.html
DEBUG 
DEBUG         If you don't want 'setuptools._distutils.tests' to be distributed and are
DEBUG         already explicitly excluding 'setuptools._distutils.tests' via
DEBUG         `find_namespace_packages(...)/find_namespace` or `find_packages(...)/find`,
DEBUG         you can try to use `exclude_package_data`, or `include-package-data=False` in
DEBUG         combination with a more fine grained `package-data` configuration.
DEBUG 
DEBUG         You can read more about "package data files" on setuptools documentation page:
DEBUG 
DEBUG         - https://setuptools.pypa.io/en/latest/userguide/datafiles.html
DEBUG 
DEBUG 
DEBUG         [^1]: For Python, any directory (with suitable naming) can be imported,
DEBUG               even if it does not contain any `.py` files.
DEBUG               On the other hand, currently there is no concept of package data
DEBUG               directory, all directories are treated like packages.
DEBUG         ********************************************************************************
DEBUG 
DEBUG !!
DEBUG   check.warn(importable)
DEBUG /root/.cache/uv/sdists-v9/index/c1a7fe1c52a1eb11/setuptools/82.0.1/yIQajhOAAu4dnhfMvOtS5/src/setuptools/command/build_py.py:215: _Warning: Package 'setuptools._distutils.tests.compat' is absent from the `packages` configuration.
DEBUG !!
DEBUG 
DEBUG         ********************************************************************************
DEBUG         ############################
DEBUG         # Package would be ignored #
DEBUG         ############################
DEBUG         Python recognizes 'setuptools._distutils.tests.compat' as an importable package[^1],
DEBUG         but it is absent from setuptools' `packages` configuration.
DEBUG 
DEBUG         This leads to an ambiguous overall configuration. If you want to distribute this
DEBUG         package, please make sure that 'setuptools._distutils.tests.compat' is explicitly added
DEBUG         to the `packages` configuration field.
DEBUG 
DEBUG         Alternatively, you can also rely on setuptools' discovery methods
DEBUG         (for example by using `find_namespace_packages(...)`/`find_namespace:`
DEBUG         instead of `find_packages(...)`/`find:`).
DEBUG 
DEBUG         You can read more about "package discovery" on setuptools documentation page:
DEBUG 
DEBUG         - https://setuptools.pypa.io/en/latest/userguide/package_discovery.html
DEBUG 
DEBUG         If you don't want 'setuptools._distutils.tests.compat' to be distributed and are
DEBUG         already explicitly excluding 'setuptools._distutils.tests.compat' via
DEBUG         `find_namespace_packages(...)/find_namespace` or `find_packages(...)/find`,
DEBUG         you can try to use `exclude_package_data`, or `include-package-data=False` in
DEBUG         combination with a more fine grained `package-data` configuration.
DEBUG 
DEBUG         You can read more about "package data files" on setuptools documentation page:
DEBUG 
DEBUG         - https://setuptools.pypa.io/en/latest/userguide/datafiles.html
DEBUG 
DEBUG 
DEBUG         [^1]: For Python, any directory (with suitable naming) can be imported,
DEBUG               even if it does not contain any `.py` files.
DEBUG               On the other hand, currently there is no concept of package data
DEBUG               directory, all directories are treated like packages.
DEBUG         ********************************************************************************
DEBUG 
DEBUG !!
DEBUG   check.warn(importable)
DEBUG /root/.cache/uv/sdists-v9/index/c1a7fe1c52a1eb11/setuptools/82.0.1/yIQajhOAAu4dnhfMvOtS5/src/setuptools/command/build_py.py:215: _Warning: Package 'setuptools.tests' is absent from the `packages` configuration.
DEBUG !!
DEBUG 
DEBUG         ********************************************************************************
DEBUG         ############################
DEBUG         # Package would be ignored #
DEBUG         ############################
DEBUG         Python recognizes 'setuptools.tests' as an importable package[^1],
DEBUG         but it is absent from setuptools' `packages` configuration.
DEBUG 
DEBUG         This leads to an ambiguous overall configuration. If you want to distribute this
DEBUG         package, please make sure that 'setuptools.tests' is explicitly added
DEBUG         to the `packages` configuration field.
DEBUG 
DEBUG         Alternatively, you can also rely on setuptools' discovery methods
DEBUG         (for example by using `find_namespace_packages(...)`/`find_namespace:`
DEBUG         instead of `find_packages(...)`/`find:`).
DEBUG 
DEBUG         You can read more about "package discovery" on setuptools documentation page:
DEBUG 
DEBUG         - https://setuptools.pypa.io/en/latest/userguide/package_discovery.html
DEBUG 
DEBUG         If you don't want 'setuptools.tests' to be distributed and are
DEBUG         already explicitly excluding 'setuptools.tests' via
DEBUG         `find_namespace_packages(...)/find_namespace` or `find_packages(...)/find`,
DEBUG         you can try to use `exclude_package_data`, or `include-package-data=False` in
DEBUG         combination with a more fine grained `package-data` configuration.
DEBUG 
DEBUG         You can read more about "package data files" on setuptools documentation page:
DEBUG 
DEBUG         - https://setuptools.pypa.io/en/latest/userguide/datafiles.html
DEBUG 
DEBUG 
DEBUG         [^1]: For Python, any directory (with suitable naming) can be imported,
DEBUG               even if it does not contain any `.py` files.
DEBUG               On the other hand, currently there is no concept of package data
DEBUG               directory, all directories are treated like packages.
DEBUG         ********************************************************************************
DEBUG 
DEBUG !!
DEBUG   check.warn(importable)
DEBUG /root/.cache/uv/sdists-v9/index/c1a7fe1c52a1eb11/setuptools/82.0.1/yIQajhOAAu4dnhfMvOtS5/src/setuptools/command/build_py.py:215: _Warning: Package 'setuptools.tests.compat' is absent from the `packages` configuration.
DEBUG !!
DEBUG 
DEBUG         ********************************************************************************
DEBUG         ############################
DEBUG         # Package would be ignored #
DEBUG         ############################
DEBUG         Python recognizes 'setuptools.tests.compat' as an importable package[^1],
DEBUG         but it is absent from setuptools' `packages` configuration.
DEBUG 
DEBUG         This leads to an ambiguous overall configuration. If you want to distribute this
DEBUG         package, please make sure that 'setuptools.tests.compat' is explicitly added
DEBUG         to the `packages` configuration field.
DEBUG 
DEBUG         Alternatively, you can also rely on setuptools' discovery methods
DEBUG         (for example by using `find_namespace_packages(...)`/`find_namespace:`
DEBUG         instead of `find_packages(...)`/`find:`).
DEBUG 
DEBUG         You can read more about "package discovery" on setuptools documentation page:
DEBUG 
DEBUG         - https://setuptools.pypa.io/en/latest/userguide/package_discovery.html
DEBUG 
DEBUG         If you don't want 'setuptools.tests.compat' to be distributed and are
DEBUG         already explicitly excluding 'setuptools.tests.compat' via
DEBUG         `find_namespace_packages(...)/find_namespace` or `find_packages(...)/find`,
DEBUG         you can try to use `exclude_package_data`, or `include-package-data=False` in
DEBUG         combination with a more fine grained `package-data` configuration.
DEBUG 
DEBUG         You can read more about "package data files" on setuptools documentation page:
DEBUG 
DEBUG         - https://setuptools.pypa.io/en/latest/userguide/datafiles.html
DEBUG 
DEBUG 
DEBUG         [^1]: For Python, any directory (with suitable naming) can be imported,
DEBUG               even if it does not contain any `.py` files.
DEBUG               On the other hand, currently there is no concept of package data
DEBUG               directory, all directories are treated like packages.
DEBUG         ********************************************************************************
DEBUG 
DEBUG !!
DEBUG   check.warn(importable)
DEBUG /root/.cache/uv/sdists-v9/index/c1a7fe1c52a1eb11/setuptools/82.0.1/yIQajhOAAu4dnhfMvOtS5/src/setuptools/command/build_py.py:215: _Warning: Package 'setuptools.tests.config' is absent from the `packages` configuration.
DEBUG !!
DEBUG 
DEBUG         ********************************************************************************
DEBUG         ############################
DEBUG         # Package would be ignored #
DEBUG         ############################
DEBUG         Python recognizes 'setuptools.tests.config' as an importable package[^1],
DEBUG         but it is absent from setuptools' `packages` configuration.
DEBUG 
DEBUG         This leads to an ambiguous overall configuration. If you want to distribute this
DEBUG         package, please make sure that 'setuptools.tests.config' is explicitly added
DEBUG         to the `packages` configuration field.
DEBUG 
DEBUG         Alternatively, you can also rely on setuptools' discovery methods
DEBUG         (for example by using `find_namespace_packages(...)`/`find_namespace:`
DEBUG         instead of `find_packages(...)`/`find:`).
DEBUG 
DEBUG         You can read more about "package discovery" on setuptools documentation page:
DEBUG 
DEBUG         - https://setuptools.pypa.io/en/latest/userguide/package_discovery.html
DEBUG 
DEBUG         If you don't want 'setuptools.tests.config' to be distributed and are
DEBUG         already explicitly excluding 'setuptools.tests.config' via
DEBUG         `find_namespace_packages(...)/find_namespace` or `find_packages(...)/find`,
DEBUG         you can try to use `exclude_package_data`, or `include-package-data=False` in
DEBUG         combination with a more fine grained `package-data` configuration.
DEBUG 
DEBUG         You can read more about "package data files" on setuptools documentation page:
DEBUG 
DEBUG         - https://setuptools.pypa.io/en/latest/userguide/datafiles.html
DEBUG 
DEBUG 
DEBUG         [^1]: For Python, any directory (with suitable naming) can be imported,
DEBUG               even if it does not contain any `.py` files.
DEBUG               On the other hand, currently there is no concept of package data
DEBUG               directory, all directories are treated like packages.
DEBUG         ********************************************************************************
DEBUG 
DEBUG !!
DEBUG   check.warn(importable)
DEBUG /root/.cache/uv/sdists-v9/index/c1a7fe1c52a1eb11/setuptools/82.0.1/yIQajhOAAu4dnhfMvOtS5/src/setuptools/command/build_py.py:215: _Warning: Package 'setuptools.tests.config.downloads' is absent from the `packages` configuration.
DEBUG !!
DEBUG 
DEBUG         ********************************************************************************
DEBUG         ############################
DEBUG         # Package would be ignored #
DEBUG         ############################
DEBUG         Python recognizes 'setuptools.tests.config.downloads' as an importable package[^1],
DEBUG         but it is absent from setuptools' `packages` configuration.
DEBUG 
DEBUG         This leads to an ambiguous overall configuration. If you want to distribute this
DEBUG         package, please make sure that 'setuptools.tests.config.downloads' is explicitly added
DEBUG         to the `packages` configuration field.
DEBUG 
DEBUG         Alternatively, you can also rely on setuptools' discovery methods
DEBUG         (for example by using `find_namespace_packages(...)`/`find_namespace:`
DEBUG         instead of `find_packages(...)`/`find:`).
DEBUG 
DEBUG         You can read more about "package discovery" on setuptools documentation page:
DEBUG 
DEBUG         - https://setuptools.pypa.io/en/latest/userguide/package_discovery.html
DEBUG 
DEBUG         If you don't want 'setuptools.tests.config.downloads' to be distributed and are
DEBUG         already explicitly excluding 'setuptools.tests.config.downloads' via
DEBUG         `find_namespace_packages(...)/find_namespace` or `find_packages(...)/find`,
DEBUG         you can try to use `exclude_package_data`, or `include-package-data=False` in
DEBUG         combination with a more fine grained `package-data` configuration.
DEBUG 
DEBUG         You can read more about "package data files" on setuptools documentation page:
DEBUG 
DEBUG         - https://setuptools.pypa.io/en/latest/userguide/datafiles.html
DEBUG 
DEBUG 
DEBUG         [^1]: For Python, any directory (with suitable naming) can be imported,
DEBUG               even if it does not contain any `.py` files.
DEBUG               On the other hand, currently there is no concept of package data
DEBUG               directory, all directories are treated like packages.
DEBUG         ********************************************************************************
DEBUG 
DEBUG !!
DEBUG   check.warn(importable)
DEBUG /root/.cache/uv/sdists-v9/index/c1a7fe1c52a1eb11/setuptools/82.0.1/yIQajhOAAu4dnhfMvOtS5/src/setuptools/command/build_py.py:215: _Warning: Package 'setuptools.tests.indexes.test_links_priority' is absent from the `packages` configuration.
DEBUG !!
DEBUG 
DEBUG         ********************************************************************************
DEBUG         ############################
DEBUG         # Package would be ignored #
DEBUG         ############################
DEBUG         Python recognizes 'setuptools.tests.indexes.test_links_priority' as an importable package[^1],
DEBUG         but it is absent from setuptools' `packages` configuration.
DEBUG 
DEBUG         This leads to an ambiguous overall configuration. If you want to distribute this
DEBUG         package, please make sure that 'setuptools.tests.indexes.test_links_priority' is explicitly added
DEBUG         to the `packages` configuration field.
DEBUG 
DEBUG         Alternatively, you can also rely on setuptools' discovery methods
DEBUG         (for example by using `find_namespace_packages(...)`/`find_namespace:`
DEBUG         instead of `find_packages(...)`/`find:`).
DEBUG 
DEBUG         You can read more about "package discovery" on setuptools documentation page:
DEBUG 
DEBUG         - https://setuptools.pypa.io/en/latest/userguide/package_discovery.html
DEBUG 
DEBUG         If you don't want 'setuptools.tests.indexes.test_links_priority' to be distributed and are
DEBUG         already explicitly excluding 'setuptools.tests.indexes.test_links_priority' via
DEBUG         `find_namespace_packages(...)/find_namespace` or `find_packages(...)/find`,
DEBUG         you can try to use `exclude_package_data`, or `include-package-data=False` in
DEBUG         combination with a more fine grained `package-data` configuration.
DEBUG 
DEBUG         You can read more about "package data files" on setuptools documentation page:
DEBUG 
DEBUG         - https://setuptools.pypa.io/en/latest/userguide/datafiles.html
DEBUG 
DEBUG 
DEBUG         [^1]: For Python, any directory (with suitable naming) can be imported,
DEBUG               even if it does not contain any `.py` files.
DEBUG               On the other hand, currently there is no concept of package data
DEBUG               directory, all directories are treated like packages.
DEBUG         ********************************************************************************
DEBUG 
DEBUG !!
DEBUG   check.warn(importable)
DEBUG /root/.cache/uv/sdists-v9/index/c1a7fe1c52a1eb11/setuptools/82.0.1/yIQajhOAAu4dnhfMvOtS5/src/setuptools/command/build_py.py:215: _Warning: Package 'setuptools.tests.indexes.test_links_priority.simple.foobar' is absent from the `packages` configuration.
DEBUG !!
DEBUG 
DEBUG         ********************************************************************************
DEBUG         ############################
DEBUG         # Package would be ignored #
DEBUG         ############################
DEBUG         Python recognizes 'setuptools.tests.indexes.test_links_priority.simple.foobar' as an importable package[^1],
DEBUG         but it is absent from setuptools' `packages` configuration.
DEBUG 
DEBUG         This leads to an ambiguous overall configuration. If you want to distribute this
DEBUG         package, please make sure that 'setuptools.tests.indexes.test_links_priority.simple.foobar' is explicitly added
DEBUG         to the `packages` configuration field.
DEBUG 
DEBUG         Alternatively, you can also rely on setuptools' discovery methods
DEBUG         (for example by using `find_namespace_packages(...)`/`find_namespace:`
DEBUG         instead of `find_packages(...)`/`find:`).
DEBUG 
DEBUG         You can read more about "package discovery" on setuptools documentation page:
DEBUG 
DEBUG         - https://setuptools.pypa.io/en/latest/userguide/package_discovery.html
DEBUG 
DEBUG         If you don't want 'setuptools.tests.indexes.test_links_priority.simple.foobar' to be distributed and are
DEBUG         already explicitly excluding 'setuptools.tests.indexes.test_links_priority.simple.foobar' via
DEBUG         `find_namespace_packages(...)/find_namespace` or `find_packages(...)/find`,
DEBUG         you can try to use `exclude_package_data`, or `include-package-data=False` in
DEBUG         combination with a more fine grained `package-data` configuration.
DEBUG 
DEBUG         You can read more about "package data files" on setuptools documentation page:
DEBUG 
DEBUG         - https://setuptools.pypa.io/en/latest/userguide/datafiles.html
DEBUG 
DEBUG 
DEBUG         [^1]: For Python, any directory (with suitable naming) can be imported,
DEBUG               even if it does not contain any `.py` files.
DEBUG               On the other hand, currently there is no concept of package data
DEBUG               directory, all directories are treated like packages.
DEBUG         ********************************************************************************
DEBUG 
DEBUG !!
DEBUG   check.warn(importable)
DEBUG /root/.cache/uv/sdists-v9/index/c1a7fe1c52a1eb11/setuptools/82.0.1/yIQajhOAAu4dnhfMvOtS5/src/setuptools/command/build_py.py:215: _Warning: Package 'setuptools.tests.integration' is absent from the `packages` configuration.
DEBUG !!
DEBUG 
DEBUG         ********************************************************************************
DEBUG         ############################
DEBUG         # Package would be ignored #
DEBUG         ############################
DEBUG         Python recognizes 'setuptools.tests.integration' as an importable package[^1],
DEBUG         but it is absent from setuptools' `packages` configuration.
DEBUG 
DEBUG         This leads to an ambiguous overall configuration. If you want to distribute this
DEBUG         package, please make sure that 'setuptools.tests.integration' is explicitly added
DEBUG         to the `packages` configuration field.
DEBUG 
DEBUG         Alternatively, you can also rely on setuptools' discovery methods
DEBUG         (for example by using `find_namespace_packages(...)`/`find_namespace:`
DEBUG         instead of `find_packages(...)`/`find:`).
DEBUG 
DEBUG         You can read more about "package discovery" on setuptools documentation page:
DEBUG 
DEBUG         - https://setuptools.pypa.io/en/latest/userguide/package_discovery.html
DEBUG 
DEBUG         If you don't want 'setuptools.tests.integration' to be distributed and are
DEBUG         already explicitly excluding 'setuptools.tests.integration' via
DEBUG         `find_namespace_packages(...)/find_namespace` or `find_packages(...)/find`,
DEBUG         you can try to use `exclude_package_data`, or `include-package-data=False` in
DEBUG         combination with a more fine grained `package-data` configuration.
DEBUG 
DEBUG         You can read more about "package data files" on setuptools documentation page:
DEBUG 
DEBUG         - https://setuptools.pypa.io/en/latest/userguide/datafiles.html
DEBUG 
DEBUG 
DEBUG         [^1]: For Python, any directory (with suitable naming) can be imported,
DEBUG               even if it does not contain any `.py` files.
DEBUG               On the other hand, currently there is no concept of package data
DEBUG               directory, all directories are treated like packages.
DEBUG         ********************************************************************************
DEBUG 
DEBUG !!
DEBUG   check.warn(importable)
DEBUG copying setuptools/cli-32.exe -> build/lib/setuptools
DEBUG copying setuptools/cli-64.exe -> build/lib/setuptools
DEBUG copying setuptools/cli-arm64.exe -> build/lib/setuptools
DEBUG copying setuptools/cli.exe -> build/lib/setuptools
DEBUG copying setuptools/gui-32.exe -> build/lib/setuptools
DEBUG copying setuptools/gui-64.exe -> build/lib/setuptools
DEBUG copying setuptools/gui-arm64.exe -> build/lib/setuptools
DEBUG copying setuptools/gui.exe -> build/lib/setuptools
DEBUG copying setuptools/launcher manifest.xml -> build/lib/setuptools
DEBUG copying setuptools/script (dev).tmpl -> build/lib/setuptools
DEBUG copying setuptools/script.tmpl -> build/lib/setuptools
DEBUG creating build/lib/setuptools/tests
DEBUG copying setuptools/tests/__init__.py -> build/lib/setuptools/tests
DEBUG copying setuptools/tests/contexts.py -> build/lib/setuptools/tests
DEBUG copying setuptools/tests/environment.py -> build/lib/setuptools/tests
DEBUG copying setuptools/tests/fixtures.py -> build/lib/setuptools/tests
DEBUG copying setuptools/tests/mod_with_constant.py -> build/lib/setuptools/tests
DEBUG copying setuptools/tests/namespaces.py -> build/lib/setuptools/tests
DEBUG copying setuptools/tests/script-with-bom.py -> build/lib/setuptools/tests
DEBUG copying setuptools/tests/test_archive_util.py -> build/lib/setuptools/tests
DEBUG copying setuptools/tests/test_bdist_deprecations.py -> build/lib/setuptools/tests
DEBUG copying setuptools/tests/test_bdist_egg.py -> build/lib/setuptools/tests
DEBUG copying setuptools/tests/test_bdist_wheel.py -> build/lib/setuptools/tests
DEBUG copying setuptools/tests/test_build.py -> build/lib/setuptools/tests
DEBUG copying setuptools/tests/test_build_clib.py -> build/lib/setuptools/tests
DEBUG copying setuptools/tests/test_build_ext.py -> build/lib/setuptools/tests
DEBUG copying setuptools/tests/test_build_meta.py -> build/lib/setuptools/tests
DEBUG copying setuptools/tests/test_build_py.py -> build/lib/setuptools/tests
DEBUG copying setuptools/tests/test_config_discovery.py -> build/lib/setuptools/tests
DEBUG copying setuptools/tests/test_core_metadata.py -> build/lib/setuptools/tests
DEBUG copying setuptools/tests/test_depends.py -> build/lib/setuptools/tests
DEBUG copying setuptools/tests/test_develop.py -> build/lib/setuptools/tests
DEBUG copying setuptools/tests/test_dist.py -> build/lib/setuptools/tests
DEBUG copying setuptools/tests/test_dist_info.py -> build/lib/setuptools/tests
DEBUG copying setuptools/tests/test_distutils_adoption.py -> build/lib/setuptools/tests
DEBUG copying setuptools/tests/test_editable_install.py -> build/lib/setuptools/tests
DEBUG copying setuptools/tests/test_egg_info.py -> build/lib/setuptools/tests
DEBUG copying setuptools/tests/test_extern.py -> build/lib/setuptools/tests
DEBUG copying setuptools/tests/test_find_packages.py -> build/lib/setuptools/tests
DEBUG copying setuptools/tests/test_find_py_modules.py -> build/lib/setuptools/tests
DEBUG copying setuptools/tests/test_glob.py -> build/lib/setuptools/tests
DEBUG copying setuptools/tests/test_install_scripts.py -> build/lib/setuptools/tests
DEBUG copying setuptools/tests/test_logging.py -> build/lib/setuptools/tests
DEBUG copying setuptools/tests/test_manifest.py -> build/lib/setuptools/tests
DEBUG copying setuptools/tests/test_namespaces.py -> build/lib/setuptools/tests
DEBUG copying setuptools/tests/test_scripts.py -> build/lib/setuptools/tests
DEBUG copying setuptools/tests/test_sdist.py -> build/lib/setuptools/tests
DEBUG copying setuptools/tests/test_setopt.py -> build/lib/setuptools/tests
DEBUG copying setuptools/tests/test_setuptools.py -> build/lib/setuptools/tests
DEBUG copying setuptools/tests/test_shutil_wrapper.py -> build/lib/setuptools/tests
DEBUG copying setuptools/tests/test_unicode_utils.py -> build/lib/setuptools/tests
DEBUG copying setuptools/tests/test_virtualenv.py -> build/lib/setuptools/tests
DEBUG copying setuptools/tests/test_warnings.py -> build/lib/setuptools/tests
DEBUG copying setuptools/tests/test_wheel.py -> build/lib/setuptools/tests
DEBUG copying setuptools/tests/test_windows_wrappers.py -> build/lib/setuptools/tests
DEBUG copying setuptools/tests/text.py -> build/lib/setuptools/tests
DEBUG copying setuptools/tests/textwrap.py -> build/lib/setuptools/tests
DEBUG creating build/lib/setuptools/tests/compat
DEBUG copying setuptools/tests/compat/__init__.py -> build/lib/setuptools/tests/compat
DEBUG copying setuptools/tests/compat/py39.py -> build/lib/setuptools/tests/compat
DEBUG creating build/lib/setuptools/tests/config
DEBUG copying setuptools/tests/config/__init__.py -> build/lib/setuptools/tests/config
DEBUG copying setuptools/tests/config/setupcfg_examples.txt -> build/lib/setuptools/tests/config
DEBUG copying setuptools/tests/config/test_apply_pyprojecttoml.py -> build/lib/setuptools/tests/config
DEBUG copying setuptools/tests/config/test_expand.py -> build/lib/setuptools/tests/config
DEBUG copying setuptools/tests/config/test_pyprojecttoml.py -> build/lib/setuptools/tests/config
DEBUG copying setuptools/tests/config/test_pyprojecttoml_dynamic_deps.py -> build/lib/setuptools/tests/config
DEBUG copying setuptools/tests/config/test_setupcfg.py -> build/lib/setuptools/tests/config
DEBUG creating build/lib/setuptools/tests/config/downloads
DEBUG copying setuptools/tests/config/downloads/__init__.py -> build/lib/setuptools/tests/config/downloads
DEBUG copying setuptools/tests/config/downloads/preload.py -> build/lib/setuptools/tests/config/downloads
DEBUG creating build/lib/setuptools/tests/indexes/test_links_priority
DEBUG copying setuptools/tests/indexes/test_links_priority/external.html -> build/lib/setuptools/tests/indexes/test_links_priority
DEBUG creating build/lib/setuptools/tests/indexes/test_links_priority/simple/foobar
DEBUG copying setuptools/tests/indexes/test_links_priority/simple/foobar/index.html -> build/lib/setuptools/tests/indexes/test_links_priority/simple/foobar
DEBUG creating build/lib/setuptools/tests/integration
DEBUG copying setuptools/tests/integration/__init__.py -> build/lib/setuptools/tests/integration
DEBUG copying setuptools/tests/integration/helpers.py -> build/lib/setuptools/tests/integration
DEBUG copying setuptools/tests/integration/test_pbr.py -> build/lib/setuptools/tests/integration
DEBUG copying setuptools/tests/integration/test_pip_install_sdist.py -> build/lib/setuptools/tests/integration
DEBUG copying setuptools/config/NOTICE -> build/lib/setuptools/config
DEBUG copying setuptools/config/distutils.schema.json -> build/lib/setuptools/config
DEBUG copying setuptools/config/setuptools.schema.json -> build/lib/setuptools/config
DEBUG creating build/lib/setuptools/_distutils/tests
DEBUG copying setuptools/_distutils/tests/__init__.py -> build/lib/setuptools/_distutils/tests
DEBUG copying setuptools/_distutils/tests/support.py -> build/lib/setuptools/_distutils/tests
DEBUG copying setuptools/_distutils/tests/test_archive_util.py -> build/lib/setuptools/_distutils/tests
DEBUG copying setuptools/_distutils/tests/test_bdist.py -> build/lib/setuptools/_distutils/tests
DEBUG copying setuptools/_distutils/tests/test_bdist_dumb.py -> build/lib/setuptools/_distutils/tests
DEBUG copying setuptools/_distutils/tests/test_bdist_rpm.py -> build/lib/setuptools/_distutils/tests
DEBUG copying setuptools/_distutils/tests/test_build.py -> build/lib/setuptools/_distutils/tests
DEBUG copying setuptools/_distutils/tests/test_build_clib.py -> build/lib/setuptools/_distutils/tests
DEBUG copying setuptools/_distutils/tests/test_build_ext.py -> build/lib/setuptools/_distutils/tests
DEBUG copying setuptools/_distutils/tests/test_build_py.py -> build/lib/setuptools/_distutils/tests
DEBUG copying setuptools/_distutils/tests/test_build_scripts.py -> build/lib/setuptools/_distutils/tests
DEBUG copying setuptools/_distutils/tests/test_check.py -> build/lib/setuptools/_distutils/tests
DEBUG copying setuptools/_distutils/tests/test_clean.py -> build/lib/setuptools/_distutils/tests
DEBUG copying setuptools/_distutils/tests/test_cmd.py -> build/lib/setuptools/_distutils/tests
DEBUG copying setuptools/_distutils/tests/test_config_cmd.py -> build/lib/setuptools/_distutils/tests
DEBUG copying setuptools/_distutils/tests/test_core.py -> build/lib/setuptools/_distutils/tests
DEBUG copying setuptools/_distutils/tests/test_dir_util.py -> build/lib/setuptools/_distutils/tests
DEBUG copying setuptools/_distutils/tests/test_dist.py -> build/lib/setuptools/_distutils/tests
DEBUG copying setuptools/_distutils/tests/test_extension.py -> build/lib/setuptools/_distutils/tests
DEBUG copying setuptools/_distutils/tests/test_file_util.py -> build/lib/setuptools/_distutils/tests
DEBUG copying setuptools/_distutils/tests/test_filelist.py -> build/lib/setuptools/_distutils/tests
DEBUG copying setuptools/_distutils/tests/test_install.py -> build/lib/setuptools/_distutils/tests
DEBUG copying setuptools/_distutils/tests/test_install_data.py -> build/lib/setuptools/_distutils/tests
DEBUG copying setuptools/_distutils/tests/test_install_headers.py -> build/lib/setuptools/_distutils/tests
DEBUG copying setuptools/_distutils/tests/test_install_lib.py -> build/lib/setuptools/_distutils/tests
DEBUG copying setuptools/_distutils/tests/test_install_scripts.py -> build/lib/setuptools/_distutils/tests
DEBUG copying setuptools/_distutils/tests/test_log.py -> build/lib/setuptools/_distutils/tests
DEBUG copying setuptools/_distutils/tests/test_modified.py -> build/lib/setuptools/_distutils/tests
DEBUG copying setuptools/_distutils/tests/test_sdist.py -> build/lib/setuptools/_distutils/tests
DEBUG copying setuptools/_distutils/tests/test_spawn.py -> build/lib/setuptools/_distutils/tests
DEBUG copying setuptools/_distutils/tests/test_sysconfig.py -> build/lib/setuptools/_distutils/tests
DEBUG copying setuptools/_distutils/tests/test_text_file.py -> build/lib/setuptools/_distutils/tests
DEBUG copying setuptools/_distutils/tests/test_util.py -> build/lib/setuptools/_distutils/tests
DEBUG copying setuptools/_distutils/tests/test_version.py -> build/lib/setuptools/_distutils/tests
DEBUG copying setuptools/_distutils/tests/test_versionpredicate.py -> build/lib/setuptools/_distutils/tests
DEBUG copying setuptools/_distutils/tests/unix_compat.py -> build/lib/setuptools/_distutils/tests
DEBUG creating build/lib/setuptools/_distutils/tests/compat
DEBUG copying setuptools/_distutils/tests/compat/__init__.py -> build/lib/setuptools/_distutils/tests/compat
DEBUG copying setuptools/_distutils/tests/compat/py39.py -> build/lib/setuptools/_distutils/tests/compat
DEBUG copying setuptools/_vendor/.lock -> build/lib/setuptools/_vendor
DEBUG creating build/lib/setuptools/_vendor/autocommand-2.2.2.dist-info
DEBUG copying setuptools/_vendor/autocommand-2.2.2.dist-info/INSTALLER -> build/lib/setuptools/_vendor/autocommand-2.2.2.dist-info
DEBUG copying setuptools/_vendor/autocommand-2.2.2.dist-info/LICENSE -> build/lib/setuptools/_vendor/autocommand-2.2.2.dist-info
DEBUG copying setuptools/_vendor/autocommand-2.2.2.dist-info/METADATA -> build/lib/setuptools/_vendor/autocommand-2.2.2.dist-info
DEBUG copying setuptools/_vendor/autocommand-2.2.2.dist-info/RECORD -> build/lib/setuptools/_vendor/autocommand-2.2.2.dist-info
DEBUG copying setuptools/_vendor/autocommand-2.2.2.dist-info/REQUESTED -> build/lib/setuptools/_vendor/autocommand-2.2.2.dist-info
DEBUG copying setuptools/_vendor/autocommand-2.2.2.dist-info/WHEEL -> build/lib/setuptools/_vendor/autocommand-2.2.2.dist-info
DEBUG copying setuptools/_vendor/autocommand-2.2.2.dist-info/top_level.txt -> build/lib/setuptools/_vendor/autocommand-2.2.2.dist-info
DEBUG creating build/lib/setuptools/_vendor/backports.tarfile-1.2.0.dist-info
DEBUG copying setuptools/_vendor/backports.tarfile-1.2.0.dist-info/INSTALLER -> build/lib/setuptools/_vendor/backports.tarfile-1.2.0.dist-info
DEBUG copying setuptools/_vendor/backports.tarfile-1.2.0.dist-info/LICENSE -> build/lib/setuptools/_vendor/backports.tarfile-1.2.0.dist-info
DEBUG copying setuptools/_vendor/backports.tarfile-1.2.0.dist-info/METADATA -> build/lib/setuptools/_vendor/backports.tarfile-1.2.0.dist-info
DEBUG copying setuptools/_vendor/backports.tarfile-1.2.0.dist-info/RECORD -> build/lib/setuptools/_vendor/backports.tarfile-1.2.0.dist-info
DEBUG copying setuptools/_vendor/backports.tarfile-1.2.0.dist-info/REQUESTED -> build/lib/setuptools/_vendor/backports.tarfile-1.2.0.dist-info
DEBUG copying setuptools/_vendor/backports.tarfile-1.2.0.dist-info/WHEEL -> build/lib/setuptools/_vendor/backports.tarfile-1.2.0.dist-info
DEBUG copying setuptools/_vendor/backports.tarfile-1.2.0.dist-info/top_level.txt -> build/lib/setuptools/_vendor/backports.tarfile-1.2.0.dist-info
DEBUG creating build/lib/setuptools/_vendor/importlib_metadata-8.7.1.dist-info
DEBUG copying setuptools/_vendor/importlib_metadata-8.7.1.dist-info/INSTALLER -> build/lib/setuptools/_vendor/importlib_metadata-8.7.1.dist-info
DEBUG copying setuptools/_vendor/importlib_metadata-8.7.1.dist-info/METADATA -> build/lib/setuptools/_vendor/importlib_metadata-8.7.1.dist-info
DEBUG copying setuptools/_vendor/importlib_metadata-8.7.1.dist-info/RECORD -> build/lib/setuptools/_vendor/importlib_metadata-8.7.1.dist-info
DEBUG copying setuptools/_vendor/importlib_metadata-8.7.1.dist-info/REQUESTED -> build/lib/setuptools/_vendor/importlib_metadata-8.7.1.dist-info
DEBUG copying setuptools/_vendor/importlib_metadata-8.7.1.dist-info/WHEEL -> build/lib/setuptools/_vendor/importlib_metadata-8.7.1.dist-info
DEBUG copying setuptools/_vendor/importlib_metadata-8.7.1.dist-info/top_level.txt -> build/lib/setuptools/_vendor/importlib_metadata-8.7.1.dist-info
DEBUG creating build/lib/setuptools/_vendor/importlib_metadata-8.7.1.dist-info/licenses
DEBUG copying setuptools/_vendor/importlib_metadata-8.7.1.dist-info/licenses/LICENSE -> build/lib/setuptools/_vendor/importlib_metadata-8.7.1.dist-info/licenses
DEBUG creating build/lib/setuptools/_vendor/jaraco.text-4.0.0.dist-info
DEBUG copying setuptools/_vendor/jaraco.text-4.0.0.dist-info/INSTALLER -> build/lib/setuptools/_vendor/jaraco.text-4.0.0.dist-info
DEBUG copying setuptools/_vendor/jaraco.text-4.0.0.dist-info/LICENSE -> build/lib/setuptools/_vendor/jaraco.text-4.0.0.dist-info
DEBUG copying setuptools/_vendor/jaraco.text-4.0.0.dist-info/METADATA -> build/lib/setuptools/_vendor/jaraco.text-4.0.0.dist-info
DEBUG copying setuptools/_vendor/jaraco.text-4.0.0.dist-info/RECORD -> build/lib/setuptools/_vendor/jaraco.text-4.0.0.dist-info
DEBUG copying setuptools/_vendor/jaraco.text-4.0.0.dist-info/REQUESTED -> build/lib/setuptools/_vendor/jaraco.text-4.0.0.dist-info
DEBUG copying setuptools/_vendor/jaraco.text-4.0.0.dist-info/WHEEL -> build/lib/setuptools/_vendor/jaraco.text-4.0.0.dist-info
DEBUG copying setuptools/_vendor/jaraco.text-4.0.0.dist-info/top_level.txt -> build/lib/setuptools/_vendor/jaraco.text-4.0.0.dist-info
DEBUG creating build/lib/setuptools/_vendor/jaraco_context-6.1.0.dist-info
DEBUG copying setuptools/_vendor/jaraco_context-6.1.0.dist-info/INSTALLER -> build/lib/setuptools/_vendor/jaraco_context-6.1.0.dist-info
DEBUG copying setuptools/_vendor/jaraco_context-6.1.0.dist-info/METADATA -> build/lib/setuptools/_vendor/jaraco_context-6.1.0.dist-info
DEBUG copying setuptools/_vendor/jaraco_context-6.1.0.dist-info/RECORD -> build/lib/setuptools/_vendor/jaraco_context-6.1.0.dist-info
DEBUG copying setuptools/_vendor/jaraco_context-6.1.0.dist-info/REQUESTED -> build/lib/setuptools/_vendor/jaraco_context-6.1.0.dist-info
DEBUG copying setuptools/_vendor/jaraco_context-6.1.0.dist-info/WHEEL -> build/lib/setuptools/_vendor/jaraco_context-6.1.0.dist-info
DEBUG copying setuptools/_vendor/jaraco_context-6.1.0.dist-info/top_level.txt -> build/lib/setuptools/_vendor/jaraco_context-6.1.0.dist-info
DEBUG creating build/lib/setuptools/_vendor/jaraco_context-6.1.0.dist-info/licenses
DEBUG copying setuptools/_vendor/jaraco_context-6.1.0.dist-info/licenses/LICENSE -> build/lib/setuptools/_vendor/jaraco_context-6.1.0.dist-info/licenses
DEBUG creating build/lib/setuptools/_vendor/jaraco_functools-4.4.0.dist-info
DEBUG copying setuptools/_vendor/jaraco_functools-4.4.0.dist-info/INSTALLER -> build/lib/setuptools/_vendor/jaraco_functools-4.4.0.dist-info
DEBUG copying setuptools/_vendor/jaraco_functools-4.4.0.dist-info/METADATA -> build/lib/setuptools/_vendor/jaraco_functools-4.4.0.dist-info
DEBUG copying setuptools/_vendor/jaraco_functools-4.4.0.dist-info/RECORD -> build/lib/setuptools/_vendor/jaraco_functools-4.4.0.dist-info
DEBUG copying setuptools/_vendor/jaraco_functools-4.4.0.dist-info/REQUESTED -> build/lib/setuptools/_vendor/jaraco_functools-4.4.0.dist-info
DEBUG copying setuptools/_vendor/jaraco_functools-4.4.0.dist-info/WHEEL -> build/lib/setuptools/_vendor/jaraco_functools-4.4.0.dist-info
DEBUG copying setuptools/_vendor/jaraco_functools-4.4.0.dist-info/top_level.txt -> build/lib/setuptools/_vendor/jaraco_functools-4.4.0.dist-info
DEBUG creating build/lib/setuptools/_vendor/jaraco_functools-4.4.0.dist-info/licenses
DEBUG copying setuptools/_vendor/jaraco_functools-4.4.0.dist-info/licenses/LICENSE -> build/lib/setuptools/_vendor/jaraco_functools-4.4.0.dist-info/licenses
DEBUG creating build/lib/setuptools/_vendor/more_itertools-10.8.0.dist-info
DEBUG copying setuptools/_vendor/more_itertools-10.8.0.dist-info/INSTALLER -> build/lib/setuptools/_vendor/more_itertools-10.8.0.dist-info
DEBUG copying setuptools/_vendor/more_itertools-10.8.0.dist-info/METADATA -> build/lib/setuptools/_vendor/more_itertools-10.8.0.dist-info
DEBUG copying setuptools/_vendor/more_itertools-10.8.0.dist-info/RECORD -> build/lib/setuptools/_vendor/more_itertools-10.8.0.dist-info
DEBUG copying setuptools/_vendor/more_itertools-10.8.0.dist-info/REQUESTED -> build/lib/setuptools/_vendor/more_itertools-10.8.0.dist-info
DEBUG copying setuptools/_vendor/more_itertools-10.8.0.dist-info/WHEEL -> build/lib/setuptools/_vendor/more_itertools-10.8.0.dist-info
DEBUG creating build/lib/setuptools/_vendor/more_itertools-10.8.0.dist-info/licenses
DEBUG copying setuptools/_vendor/more_itertools-10.8.0.dist-info/licenses/LICENSE -> build/lib/setuptools/_vendor/more_itertools-10.8.0.dist-info/licenses
DEBUG creating build/lib/setuptools/_vendor/packaging-26.0.dist-info
DEBUG copying setuptools/_vendor/packaging-26.0.dist-info/INSTALLER -> build/lib/setuptools/_vendor/packaging-26.0.dist-info
DEBUG copying setuptools/_vendor/packaging-26.0.dist-info/METADATA -> build/lib/setuptools/_vendor/packaging-26.0.dist-info
DEBUG copying setuptools/_vendor/packaging-26.0.dist-info/RECORD -> build/lib/setuptools/_vendor/packaging-26.0.dist-info
DEBUG copying setuptools/_vendor/packaging-26.0.dist-info/REQUESTED -> build/lib/setuptools/_vendor/packaging-26.0.dist-info
DEBUG copying setuptools/_vendor/packaging-26.0.dist-info/WHEEL -> build/lib/setuptools/_vendor/packaging-26.0.dist-info
DEBUG creating build/lib/setuptools/_vendor/packaging-26.0.dist-info/licenses
DEBUG copying setuptools/_vendor/packaging-26.0.dist-info/licenses/LICENSE -> build/lib/setuptools/_vendor/packaging-26.0.dist-info/licenses
DEBUG copying setuptools/_vendor/packaging-26.0.dist-info/licenses/LICENSE.APACHE -> build/lib/setuptools/_vendor/packaging-26.0.dist-info/licenses
DEBUG copying setuptools/_vendor/packaging-26.0.dist-info/licenses/LICENSE.BSD -> build/lib/setuptools/_vendor/packaging-26.0.dist-info/licenses
DEBUG creating build/lib/setuptools/_vendor/platformdirs-4.4.0.dist-info
DEBUG copying setuptools/_vendor/platformdirs-4.4.0.dist-info/INSTALLER -> build/lib/setuptools/_vendor/platformdirs-4.4.0.dist-info
DEBUG copying setuptools/_vendor/platformdirs-4.4.0.dist-info/METADATA -> build/lib/setuptools/_vendor/platformdirs-4.4.0.dist-info
DEBUG copying setuptools/_vendor/platformdirs-4.4.0.dist-info/RECORD -> build/lib/setuptools/_vendor/platformdirs-4.4.0.dist-info
DEBUG copying setuptools/_vendor/platformdirs-4.4.0.dist-info/REQUESTED -> build/lib/setuptools/_vendor/platformdirs-4.4.0.dist-info
DEBUG copying setuptools/_vendor/platformdirs-4.4.0.dist-info/WHEEL -> build/lib/setuptools/_vendor/platformdirs-4.4.0.dist-info
DEBUG creating build/lib/setuptools/_vendor/platformdirs-4.4.0.dist-info/licenses
DEBUG copying setuptools/_vendor/platformdirs-4.4.0.dist-info/licenses/LICENSE -> build/lib/setuptools/_vendor/platformdirs-4.4.0.dist-info/licenses
DEBUG creating build/lib/setuptools/_vendor/tomli-2.4.0.dist-info
DEBUG copying setuptools/_vendor/tomli-2.4.0.dist-info/INSTALLER -> build/lib/setuptools/_vendor/tomli-2.4.0.dist-info
DEBUG copying setuptools/_vendor/tomli-2.4.0.dist-info/METADATA -> build/lib/setuptools/_vendor/tomli-2.4.0.dist-info
DEBUG copying setuptools/_vendor/tomli-2.4.0.dist-info/RECORD -> build/lib/setuptools/_vendor/tomli-2.4.0.dist-info
DEBUG copying setuptools/_vendor/tomli-2.4.0.dist-info/REQUESTED -> build/lib/setuptools/_vendor/tomli-2.4.0.dist-info
DEBUG copying setuptools/_vendor/tomli-2.4.0.dist-info/WHEEL -> build/lib/setuptools/_vendor/tomli-2.4.0.dist-info
DEBUG creating build/lib/setuptools/_vendor/tomli-2.4.0.dist-info/licenses
DEBUG copying setuptools/_vendor/tomli-2.4.0.dist-info/licenses/LICENSE -> build/lib/setuptools/_vendor/tomli-2.4.0.dist-info/licenses
DEBUG creating build/lib/setuptools/_vendor/wheel-0.46.3.dist-info
DEBUG copying setuptools/_vendor/wheel-0.46.3.dist-info/INSTALLER -> build/lib/setuptools/_vendor/wheel-0.46.3.dist-info
DEBUG copying setuptools/_vendor/wheel-0.46.3.dist-info/METADATA -> build/lib/setuptools/_vendor/wheel-0.46.3.dist-info
DEBUG copying setuptools/_vendor/wheel-0.46.3.dist-info/RECORD -> build/lib/setuptools/_vendor/wheel-0.46.3.dist-info
DEBUG copying setuptools/_vendor/wheel-0.46.3.dist-info/REQUESTED -> build/lib/setuptools/_vendor/wheel-0.46.3.dist-info
DEBUG copying setuptools/_vendor/wheel-0.46.3.dist-info/WHEEL -> build/lib/setuptools/_vendor/wheel-0.46.3.dist-info
DEBUG copying setuptools/_vendor/wheel-0.46.3.dist-info/entry_points.txt -> build/lib/setuptools/_vendor/wheel-0.46.3.dist-info
DEBUG creating build/lib/setuptools/_vendor/wheel-0.46.3.dist-info/licenses
DEBUG copying setuptools/_vendor/wheel-0.46.3.dist-info/licenses/LICENSE.txt -> build/lib/setuptools/_vendor/wheel-0.46.3.dist-info/licenses
DEBUG creating build/lib/setuptools/_vendor/zipp-3.23.0.dist-info
DEBUG copying setuptools/_vendor/zipp-3.23.0.dist-info/INSTALLER -> build/lib/setuptools/_vendor/zipp-3.23.0.dist-info
DEBUG copying setuptools/_vendor/zipp-3.23.0.dist-info/METADATA -> build/lib/setuptools/_vendor/zipp-3.23.0.dist-info
DEBUG copying setuptools/_vendor/zipp-3.23.0.dist-info/RECORD -> build/lib/setuptools/_vendor/zipp-3.23.0.dist-info
DEBUG copying setuptools/_vendor/zipp-3.23.0.dist-info/REQUESTED -> build/lib/setuptools/_vendor/zipp-3.23.0.dist-info
DEBUG copying setuptools/_vendor/zipp-3.23.0.dist-info/WHEEL -> build/lib/setuptools/_vendor/zipp-3.23.0.dist-info
DEBUG copying setuptools/_vendor/zipp-3.23.0.dist-info/top_level.txt -> build/lib/setuptools/_vendor/zipp-3.23.0.dist-info
DEBUG creating build/lib/setuptools/_vendor/zipp-3.23.0.dist-info/licenses
DEBUG copying setuptools/_vendor/zipp-3.23.0.dist-info/licenses/LICENSE -> build/lib/setuptools/_vendor/zipp-3.23.0.dist-info/licenses
DEBUG copying setuptools/config/_validate_pyproject/NOTICE -> build/lib/setuptools/config/_validate_pyproject
DEBUG creating build/lib/setuptools/_distutils/compilers/C/tests
DEBUG copying setuptools/_distutils/compilers/C/tests/test_base.py -> build/lib/setuptools/_distutils/compilers/C/tests
DEBUG copying setuptools/_distutils/compilers/C/tests/test_cygwin.py -> build/lib/setuptools/_distutils/compilers/C/tests
DEBUG copying setuptools/_distutils/compilers/C/tests/test_mingw.py -> build/lib/setuptools/_distutils/compilers/C/tests
DEBUG copying setuptools/_distutils/compilers/C/tests/test_msvc.py -> build/lib/setuptools/_distutils/compilers/C/tests
DEBUG copying setuptools/_distutils/compilers/C/tests/test_unix.py -> build/lib/setuptools/_distutils/compilers/C/tests
DEBUG copying setuptools/_vendor/tomli/py.typed -> build/lib/setuptools/_vendor/tomli
DEBUG copying setuptools/_vendor/packaging/py.typed -> build/lib/setuptools/_vendor/packaging
DEBUG copying setuptools/_vendor/importlib_metadata/py.typed -> build/lib/setuptools/_vendor/importlib_metadata
DEBUG copying setuptools/_vendor/more_itertools/__init__.pyi -> build/lib/setuptools/_vendor/more_itertools
DEBUG copying setuptools/_vendor/more_itertools/more.pyi -> build/lib/setuptools/_vendor/more_itertools
DEBUG copying setuptools/_vendor/more_itertools/py.typed -> build/lib/setuptools/_vendor/more_itertools
DEBUG copying setuptools/_vendor/more_itertools/recipes.pyi -> build/lib/setuptools/_vendor/more_itertools
DEBUG copying setuptools/_vendor/platformdirs/py.typed -> build/lib/setuptools/_vendor/platformdirs
DEBUG copying setuptools/_vendor/jaraco/context/py.typed -> build/lib/setuptools/_vendor/jaraco/context
DEBUG copying setuptools/_vendor/jaraco/functools/__init__.pyi -> build/lib/setuptools/_vendor/jaraco/functools
DEBUG copying setuptools/_vendor/jaraco/functools/py.typed -> build/lib/setuptools/_vendor/jaraco/functools
DEBUG copying setuptools/_vendor/jaraco/text/Lorem ipsum.txt -> build/lib/setuptools/_vendor/jaraco/text
DEBUG copying setuptools/_vendor/jaraco/text/show-newlines.py -> build/lib/setuptools/_vendor/jaraco/text
DEBUG copying setuptools/_vendor/jaraco/text/strip-prefix.py -> build/lib/setuptools/_vendor/jaraco/text
DEBUG copying setuptools/_vendor/jaraco/text/to-dvorak.py -> build/lib/setuptools/_vendor/jaraco/text
DEBUG copying setuptools/_vendor/jaraco/text/to-qwerty.py -> build/lib/setuptools/_vendor/jaraco/text
DEBUG installing to build/bdist.linux-x86_64/wheel
DEBUG running install
DEBUG Distribution option extra_path is deprecated. See issue27919 for details.
DEBUG running install_lib
DEBUG creating build/bdist.linux-x86_64/wheel
DEBUG creating build/bdist.linux-x86_64/wheel/_distutils_hack
DEBUG copying build/lib/_distutils_hack/override.py -> build/bdist.linux-x86_64/wheel/./_distutils_hack
DEBUG copying build/lib/_distutils_hack/__init__.py -> build/bdist.linux-x86_64/wheel/./_distutils_hack
DEBUG creating build/bdist.linux-x86_64/wheel/setuptools
DEBUG copying build/lib/setuptools/cli-64.exe -> build/bdist.linux-x86_64/wheel/./setuptools
DEBUG copying build/lib/setuptools/depends.py -> build/bdist.linux-x86_64/wheel/./setuptools
DEBUG copying build/lib/setuptools/_static.py -> build/bdist.linux-x86_64/wheel/./setuptools
DEBUG copying build/lib/setuptools/_importlib.py -> build/bdist.linux-x86_64/wheel/./setuptools
DEBUG copying build/lib/setuptools/_entry_points.py -> build/bdist.linux-x86_64/wheel/./setuptools
DEBUG copying build/lib/setuptools/script (dev).tmpl -> build/bdist.linux-x86_64/wheel/./setuptools
DEBUG copying build/lib/setuptools/gui-64.exe -> build/bdist.linux-x86_64/wheel/./setuptools
DEBUG copying build/lib/setuptools/gui-32.exe -> build/bdist.linux-x86_64/wheel/./setuptools
DEBUG creating build/bdist.linux-x86_64/wheel/setuptools/config
DEBUG copying build/lib/setuptools/config/_apply_pyprojecttoml.py -> build/bdist.linux-x86_64/wheel/./setuptools/config
DEBUG copying build/lib/setuptools/config/__init__.py -> build/bdist.linux-x86_64/wheel/./setuptools/config
DEBUG copying build/lib/setuptools/config/expand.py -> build/bdist.linux-x86_64/wheel/./setuptools/config
DEBUG copying build/lib/setuptools/config/pyprojecttoml.py -> build/bdist.linux-x86_64/wheel/./setuptools/config
DEBUG copying build/lib/setuptools/config/distutils.schema.json -> build/bdist.linux-x86_64/wheel/./setuptools/config
DEBUG creating build/bdist.linux-x86_64/wheel/setuptools/config/_validate_pyproject
DEBUG copying build/lib/setuptools/config/_validate_pyproject/fastjsonschema_exceptions.py -> build/bdist.linux-x86_64/wheel/./setuptools/config/_validate_pyproject
DEBUG copying build/lib/setuptools/config/_validate_pyproject/formats.py -> build/bdist.linux-x86_64/wheel/./setuptools/config/_validate_pyproject
DEBUG copying build/lib/setuptools/config/_validate_pyproject/extra_validations.py -> build/bdist.linux-x86_64/wheel/./setuptools/config/_validate_pyproject
DEBUG copying build/lib/setuptools/config/_validate_pyproject/__init__.py -> build/bdist.linux-x86_64/wheel/./setuptools/config/_validate_pyproject
DEBUG copying build/lib/setuptools/config/_validate_pyproject/fastjsonschema_validations.py -> build/bdist.linux-x86_64/wheel/./setuptools/config/_validate_pyproject
DEBUG copying build/lib/setuptools/config/_validate_pyproject/NOTICE -> build/bdist.linux-x86_64/wheel/./setuptools/config/_validate_pyproject
DEBUG copying build/lib/setuptools/config/_validate_pyproject/error_reporting.py -> build/bdist.linux-x86_64/wheel/./setuptools/config/_validate_pyproject
DEBUG copying build/lib/setuptools/config/NOTICE -> build/bdist.linux-x86_64/wheel/./setuptools/config
DEBUG copying build/lib/setuptools/config/setuptools.schema.json -> build/bdist.linux-x86_64/wheel/./setuptools/config
DEBUG copying build/lib/setuptools/config/setupcfg.py -> build/bdist.linux-x86_64/wheel/./setuptools/config
DEBUG copying build/lib/setuptools/script.tmpl -> build/bdist.linux-x86_64/wheel/./setuptools
DEBUG copying build/lib/setuptools/discovery.py -> build/bdist.linux-x86_64/wheel/./setuptools
DEBUG copying build/lib/setuptools/cli-32.exe -> build/bdist.linux-x86_64/wheel/./setuptools
DEBUG copying build/lib/setuptools/_reqs.py -> build/bdist.linux-x86_64/wheel/./setuptools
DEBUG copying build/lib/setuptools/_path.py -> build/bdist.linux-x86_64/wheel/./setuptools
DEBUG copying build/lib/setuptools/_imp.py -> build/bdist.linux-x86_64/wheel/./setuptools
DEBUG copying build/lib/setuptools/msvc.py -> build/bdist.linux-x86_64/wheel/./setuptools
DEBUG creating build/bdist.linux-x86_64/wheel/setuptools/command
DEBUG copying build/lib/setuptools/command/build_py.py -> build/bdist.linux-x86_64/wheel/./setuptools/command
DEBUG copying build/lib/setuptools/command/build.py -> build/bdist.linux-x86_64/wheel/./setuptools/command
DEBUG copying build/lib/setuptools/command/alias.py -> build/bdist.linux-x86_64/wheel/./setuptools/command
DEBUG copying build/lib/setuptools/command/bdist_egg.py -> build/bdist.linux-x86_64/wheel/./setuptools/command
DEBUG copying build/lib/setuptools/command/install_scripts.py -> build/bdist.linux-x86_64/wheel/./setuptools/command
DEBUG copying build/lib/setuptools/command/bdist_rpm.py -> build/bdist.linux-x86_64/wheel/./setuptools/command
DEBUG copying build/lib/setuptools/command/install.py -> build/bdist.linux-x86_64/wheel/./setuptools/command
DEBUG copying build/lib/setuptools/command/saveopts.py -> build/bdist.linux-x86_64/wheel/./setuptools/command
DEBUG copying build/lib/setuptools/command/build_ext.py -> build/bdist.linux-x86_64/wheel/./setuptools/command
DEBUG copying build/lib/setuptools/command/easy_install.py -> build/bdist.linux-x86_64/wheel/./setuptools/command
DEBUG copying build/lib/setuptools/command/egg_info.py -> build/bdist.linux-x86_64/wheel/./setuptools/command
DEBUG copying build/lib/setuptools/command/rotate.py -> build/bdist.linux-x86_64/wheel/./setuptools/command
DEBUG copying build/lib/setuptools/command/_requirestxt.py -> build/bdist.linux-x86_64/wheel/./setuptools/command
DEBUG copying build/lib/setuptools/command/dist_info.py -> build/bdist.linux-x86_64/wheel/./setuptools/command
DEBUG copying build/lib/setuptools/command/editable_wheel.py -> build/bdist.linux-x86_64/wheel/./setuptools/command
DEBUG copying build/lib/setuptools/command/__init__.py -> build/bdist.linux-x86_64/wheel/./setuptools/command
DEBUG copying build/lib/setuptools/command/sdist.py -> build/bdist.linux-x86_64/wheel/./setuptools/command
DEBUG copying build/lib/setuptools/command/test.py -> build/bdist.linux-x86_64/wheel/./setuptools/command
DEBUG copying build/lib/setuptools/command/develop.py -> build/bdist.linux-x86_64/wheel/./setuptools/command
DEBUG copying build/lib/setuptools/command/build_clib.py -> build/bdist.linux-x86_64/wheel/./setuptools/command
DEBUG copying build/lib/setuptools/command/setopt.py -> build/bdist.linux-x86_64/wheel/./setuptools/command
DEBUG copying build/lib/setuptools/command/install_lib.py -> build/bdist.linux-x86_64/wheel/./setuptools/command
DEBUG copying build/lib/setuptools/command/install_egg_info.py -> build/bdist.linux-x86_64/wheel/./setuptools/command
DEBUG copying build/lib/setuptools/command/bdist_wheel.py -> build/bdist.linux-x86_64/wheel/./setuptools/command
DEBUG copying build/lib/setuptools/modified.py -> build/bdist.linux-x86_64/wheel/./setuptools
DEBUG copying build/lib/setuptools/windows_support.py -> build/bdist.linux-x86_64/wheel/./setuptools
DEBUG copying build/lib/setuptools/launcher manifest.xml -> build/bdist.linux-x86_64/wheel/./setuptools
DEBUG creating build/bdist.linux-x86_64/wheel/setuptools/tests
DEBUG copying build/lib/setuptools/tests/test_depends.py -> build/bdist.linux-x86_64/wheel/./setuptools/tests
DEBUG copying build/lib/setuptools/tests/test_bdist_wheel.py -> build/bdist.linux-x86_64/wheel/./setuptools/tests
DEBUG copying build/lib/setuptools/tests/text.py -> build/bdist.linux-x86_64/wheel/./setuptools/tests
DEBUG copying build/lib/setuptools/tests/test_core_metadata.py -> build/bdist.linux-x86_64/wheel/./setuptools/tests
DEBUG copying build/lib/setuptools/tests/test_setuptools.py -> build/bdist.linux-x86_64/wheel/./setuptools/tests
DEBUG creating build/bdist.linux-x86_64/wheel/setuptools/tests/config
DEBUG copying build/lib/setuptools/tests/config/test_apply_pyprojecttoml.py -> build/bdist.linux-x86_64/wheel/./setuptools/tests/config
DEBUG creating build/bdist.linux-x86_64/wheel/setuptools/tests/config/downloads
DEBUG copying build/lib/setuptools/tests/config/downloads/__init__.py -> build/bdist.linux-x86_64/wheel/./setuptools/tests/config/downloads
DEBUG copying build/lib/setuptools/tests/config/downloads/preload.py -> build/bdist.linux-x86_64/wheel/./setuptools/tests/config/downloads
DEBUG copying build/lib/setuptools/tests/config/test_expand.py -> build/bdist.linux-x86_64/wheel/./setuptools/tests/config
DEBUG copying build/lib/setuptools/tests/config/test_pyprojecttoml_dynamic_deps.py -> build/bdist.linux-x86_64/wheel/./setuptools/tests/config
DEBUG copying build/lib/setuptools/tests/config/setupcfg_examples.txt -> build/bdist.linux-x86_64/wheel/./setuptools/tests/config
DEBUG copying build/lib/setuptools/tests/config/__init__.py -> build/bdist.linux-x86_64/wheel/./setuptools/tests/config
DEBUG copying build/lib/setuptools/tests/config/test_pyprojecttoml.py -> build/bdist.linux-x86_64/wheel/./setuptools/tests/config
DEBUG copying build/lib/setuptools/tests/config/test_setupcfg.py -> build/bdist.linux-x86_64/wheel/./setuptools/tests/config
DEBUG creating build/bdist.linux-x86_64/wheel/setuptools/tests/integration
DEBUG copying build/lib/setuptools/tests/integration/test_pbr.py -> build/bdist.linux-x86_64/wheel/./setuptools/tests/integration
DEBUG copying build/lib/setuptools/tests/integration/__init__.py -> build/bdist.linux-x86_64/wheel/./setuptools/tests/integration
DEBUG copying build/lib/setuptools/tests/integration/helpers.py -> build/bdist.linux-x86_64/wheel/./setuptools/tests/integration
DEBUG copying build/lib/setuptools/tests/integration/test_pip_install_sdist.py -> build/bdist.linux-x86_64/wheel/./setuptools/tests/integration
DEBUG copying build/lib/setuptools/tests/test_editable_install.py -> build/bdist.linux-x86_64/wheel/./setuptools/tests
DEBUG copying build/lib/setuptools/tests/test_install_scripts.py -> build/bdist.linux-x86_64/wheel/./setuptools/tests
DEBUG copying build/lib/setuptools/tests/script-with-bom.py -> build/bdist.linux-x86_64/wheel/./setuptools/tests
DEBUG copying build/lib/setuptools/tests/test_namespaces.py -> build/bdist.linux-x86_64/wheel/./setuptools/tests
DEBUG copying build/lib/setuptools/tests/test_build_meta.py -> build/bdist.linux-x86_64/wheel/./setuptools/tests
DEBUG copying build/lib/setuptools/tests/test_scripts.py -> build/bdist.linux-x86_64/wheel/./setuptools/tests
DEBUG copying build/lib/setuptools/tests/test_distutils_adoption.py -> build/bdist.linux-x86_64/wheel/./setuptools/tests
DEBUG copying build/lib/setuptools/tests/test_manifest.py -> build/bdist.linux-x86_64/wheel/./setuptools/tests
DEBUG copying build/lib/setuptools/tests/test_extern.py -> build/bdist.linux-x86_64/wheel/./setuptools/tests
DEBUG creating build/bdist.linux-x86_64/wheel/setuptools/tests/indexes
DEBUG creating build/bdist.linux-x86_64/wheel/setuptools/tests/indexes/test_links_priority
DEBUG creating build/bdist.linux-x86_64/wheel/setuptools/tests/indexes/test_links_priority/simple
DEBUG creating build/bdist.linux-x86_64/wheel/setuptools/tests/indexes/test_links_priority/simple/foobar
DEBUG copying build/lib/setuptools/tests/indexes/test_links_priority/simple/foobar/index.html -> build/bdist.linux-x86_64/wheel/./setuptools/tests/indexes/test_links_priority/simple/foobar
DEBUG copying build/lib/setuptools/tests/indexes/test_links_priority/external.html -> build/bdist.linux-x86_64/wheel/./setuptools/tests/indexes/test_links_priority
DEBUG copying build/lib/setuptools/tests/test_sdist.py -> build/bdist.linux-x86_64/wheel/./setuptools/tests
DEBUG copying build/lib/setuptools/tests/test_find_py_modules.py -> build/bdist.linux-x86_64/wheel/./setuptools/tests
DEBUG copying build/lib/setuptools/tests/test_build_py.py -> build/bdist.linux-x86_64/wheel/./setuptools/tests
DEBUG copying build/lib/setuptools/tests/test_build_ext.py -> build/bdist.linux-x86_64/wheel/./setuptools/tests
DEBUG copying build/lib/setuptools/tests/test_warnings.py -> build/bdist.linux-x86_64/wheel/./setuptools/tests
DEBUG copying build/lib/setuptools/tests/test_bdist_deprecations.py -> build/bdist.linux-x86_64/wheel/./setuptools/tests
DEBUG copying build/lib/setuptools/tests/test_find_packages.py -> build/bdist.linux-x86_64/wheel/./setuptools/tests
DEBUG copying build/lib/setuptools/tests/textwrap.py -> build/bdist.linux-x86_64/wheel/./setuptools/tests
DEBUG copying build/lib/setuptools/tests/test_develop.py -> build/bdist.linux-x86_64/wheel/./setuptools/tests
DEBUG copying build/lib/setuptools/tests/test_dist_info.py -> build/bdist.linux-x86_64/wheel/./setuptools/tests
DEBUG copying build/lib/setuptools/tests/__init__.py -> build/bdist.linux-x86_64/wheel/./setuptools/tests
DEBUG copying build/lib/setuptools/tests/test_dist.py -> build/bdist.linux-x86_64/wheel/./setuptools/tests
DEBUG copying build/lib/setuptools/tests/environment.py -> build/bdist.linux-x86_64/wheel/./setuptools/tests
DEBUG copying build/lib/setuptools/tests/test_build_clib.py -> build/bdist.linux-x86_64/wheel/./setuptools/tests
DEBUG copying build/lib/setuptools/tests/test_archive_util.py -> build/bdist.linux-x86_64/wheel/./setuptools/tests
DEBUG copying build/lib/setuptools/tests/contexts.py -> build/bdist.linux-x86_64/wheel/./setuptools/tests
DEBUG copying build/lib/setuptools/tests/test_bdist_egg.py -> build/bdist.linux-x86_64/wheel/./setuptools/tests
DEBUG copying build/lib/setuptools/tests/namespaces.py -> build/bdist.linux-x86_64/wheel/./setuptools/tests
DEBUG copying build/lib/setuptools/tests/test_shutil_wrapper.py -> build/bdist.linux-x86_64/wheel/./setuptools/tests
DEBUG copying build/lib/setuptools/tests/test_virtualenv.py -> build/bdist.linux-x86_64/wheel/./setuptools/tests
DEBUG copying build/lib/setuptools/tests/test_unicode_utils.py -> build/bdist.linux-x86_64/wheel/./setuptools/tests
DEBUG copying build/lib/setuptools/tests/test_setopt.py -> build/bdist.linux-x86_64/wheel/./setuptools/tests
DEBUG copying build/lib/setuptools/tests/test_egg_info.py -> build/bdist.linux-x86_64/wheel/./setuptools/tests
DEBUG copying build/lib/setuptools/tests/test_windows_wrappers.py -> build/bdist.linux-x86_64/wheel/./setuptools/tests
DEBUG copying build/lib/setuptools/tests/test_config_discovery.py -> build/bdist.linux-x86_64/wheel/./setuptools/tests
DEBUG copying build/lib/setuptools/tests/mod_with_constant.py -> build/bdist.linux-x86_64/wheel/./setuptools/tests
DEBUG creating build/bdist.linux-x86_64/wheel/setuptools/tests/compat
DEBUG copying build/lib/setuptools/tests/compat/py39.py -> build/bdist.linux-x86_64/wheel/./setuptools/tests/compat
DEBUG copying build/lib/setuptools/tests/compat/__init__.py -> build/bdist.linux-x86_64/wheel/./setuptools/tests/compat
DEBUG copying build/lib/setuptools/tests/fixtures.py -> build/bdist.linux-x86_64/wheel/./setuptools/tests
DEBUG copying build/lib/setuptools/tests/test_logging.py -> build/bdist.linux-x86_64/wheel/./setuptools/tests
DEBUG copying build/lib/setuptools/tests/test_glob.py -> build/bdist.linux-x86_64/wheel/./setuptools/tests
DEBUG copying build/lib/setuptools/tests/test_wheel.py -> build/bdist.linux-x86_64/wheel/./setuptools/tests
DEBUG copying build/lib/setuptools/tests/test_build.py -> build/bdist.linux-x86_64/wheel/./setuptools/tests
DEBUG copying build/lib/setuptools/launch.py -> build/bdist.linux-x86_64/wheel/./setuptools
DEBUG copying build/lib/setuptools/_shutil.py -> build/bdist.linux-x86_64/wheel/./setuptools
DEBUG copying build/lib/setuptools/cli.exe -> build/bdist.linux-x86_64/wheel/./setuptools
DEBUG copying build/lib/setuptools/gui-arm64.exe -> build/bdist.linux-x86_64/wheel/./setuptools
DEBUG copying build/lib/setuptools/__init__.py -> build/bdist.linux-x86_64/wheel/./setuptools
DEBUG copying build/lib/setuptools/cli-arm64.exe -> build/bdist.linux-x86_64/wheel/./setuptools
DEBUG copying build/lib/setuptools/errors.py -> build/bdist.linux-x86_64/wheel/./setuptools
DEBUG copying build/lib/setuptools/glob.py -> build/bdist.linux-x86_64/wheel/./setuptools
DEBUG copying build/lib/setuptools/gui.exe -> build/bdist.linux-x86_64/wheel/./setuptools
DEBUG copying build/lib/setuptools/logging.py -> build/bdist.linux-x86_64/wheel/./setuptools
DEBUG copying build/lib/setuptools/installer.py -> build/bdist.linux-x86_64/wheel/./setuptools
DEBUG copying build/lib/setuptools/version.py -> build/bdist.linux-x86_64/wheel/./setuptools
DEBUG copying build/lib/setuptools/_discovery.py -> build/bdist.linux-x86_64/wheel/./setuptools
DEBUG copying build/lib/setuptools/_itertools.py -> build/bdist.linux-x86_64/wheel/./setuptools
DEBUG copying build/lib/setuptools/archive_util.py -> build/bdist.linux-x86_64/wheel/./setuptools
DEBUG copying build/lib/setuptools/namespaces.py -> build/bdist.linux-x86_64/wheel/./setuptools
DEBUG copying build/lib/setuptools/warnings.py -> build/bdist.linux-x86_64/wheel/./setuptools
DEBUG copying build/lib/setuptools/_core_metadata.py -> build/bdist.linux-x86_64/wheel/./setuptools
DEBUG copying build/lib/setuptools/build_meta.py -> build/bdist.linux-x86_64/wheel/./setuptools
DEBUG creating build/bdist.linux-x86_64/wheel/setuptools/_distutils
DEBUG copying build/lib/setuptools/_distutils/dep_util.py -> build/bdist.linux-x86_64/wheel/./setuptools/_distutils
DEBUG copying build/lib/setuptools/_distutils/_macos_compat.py -> build/bdist.linux-x86_64/wheel/./setuptools/_distutils
DEBUG copying build/lib/setuptools/_distutils/ccompiler.py -> build/bdist.linux-x86_64/wheel/./setuptools/_distutils
DEBUG copying build/lib/setuptools/_distutils/filelist.py -> build/bdist.linux-x86_64/wheel/./setuptools/_distutils
DEBUG copying build/lib/setuptools/_distutils/spawn.py -> build/bdist.linux-x86_64/wheel/./setuptools/_distutils
DEBUG copying build/lib/setuptools/_distutils/zosccompiler.py -> build/bdist.linux-x86_64/wheel/./setuptools/_distutils
DEBUG creating build/bdist.linux-x86_64/wheel/setuptools/_distutils/compilers
DEBUG creating build/bdist.linux-x86_64/wheel/setuptools/_distutils/compilers/C
DEBUG copying build/lib/setuptools/_distutils/compilers/C/base.py -> build/bdist.linux-x86_64/wheel/./setuptools/_distutils/compilers/C
DEBUG copying build/lib/setuptools/_distutils/compilers/C/unix.py -> build/bdist.linux-x86_64/wheel/./setuptools/_distutils/compilers/C
DEBUG copying build/lib/setuptools/_distutils/compilers/C/msvc.py -> build/bdist.linux-x86_64/wheel/./setuptools/_distutils/compilers/C
DEBUG copying build/lib/setuptools/_distutils/compilers/C/cygwin.py -> build/bdist.linux-x86_64/wheel/./setuptools/_distutils/compilers/C
DEBUG creating build/bdist.linux-x86_64/wheel/setuptools/_distutils/compilers/C/tests
DEBUG copying build/lib/setuptools/_distutils/compilers/C/tests/test_mingw.py -> build/bdist.linux-x86_64/wheel/./setuptools/_distutils/compilers/C/tests
DEBUG copying build/lib/setuptools/_distutils/compilers/C/tests/test_cygwin.py -> build/bdist.linux-x86_64/wheel/./setuptools/_distutils/compilers/C/tests
DEBUG copying build/lib/setuptools/_distutils/compilers/C/tests/test_msvc.py -> build/bdist.linux-x86_64/wheel/./setuptools/_distutils/compilers/C/tests
DEBUG copying build/lib/setuptools/_distutils/compilers/C/tests/test_base.py -> build/bdist.linux-x86_64/wheel/./setuptools/_distutils/compilers/C/tests
DEBUG copying build/lib/setuptools/_distutils/compilers/C/tests/test_unix.py -> build/bdist.linux-x86_64/wheel/./setuptools/_distutils/compilers/C/tests
DEBUG copying build/lib/setuptools/_distutils/compilers/C/errors.py -> build/bdist.linux-x86_64/wheel/./setuptools/_distutils/compilers/C
DEBUG copying build/lib/setuptools/_distutils/compilers/C/zos.py -> build/bdist.linux-x86_64/wheel/./setuptools/_distutils/compilers/C
DEBUG creating build/bdist.linux-x86_64/wheel/setuptools/_distutils/command
DEBUG copying build/lib/setuptools/_distutils/command/config.py -> build/bdist.linux-x86_64/wheel/./setuptools/_distutils/command
DEBUG copying build/lib/setuptools/_distutils/command/build_py.py -> build/bdist.linux-x86_64/wheel/./setuptools/_distutils/command
DEBUG copying build/lib/setuptools/_distutils/command/build.py -> build/bdist.linux-x86_64/wheel/./setuptools/_distutils/command
DEBUG copying build/lib/setuptools/_distutils/command/install_scripts.py -> build/bdist.linux-x86_64/wheel/./setuptools/_distutils/command
DEBUG copying build/lib/setuptools/_distutils/command/bdist_rpm.py -> build/bdist.linux-x86_64/wheel/./setuptools/_distutils/command
DEBUG copying build/lib/setuptools/_distutils/command/install.py -> build/bdist.linux-x86_64/wheel/./setuptools/_distutils/command
DEBUG copying build/lib/setuptools/_distutils/command/clean.py -> build/bdist.linux-x86_64/wheel/./setuptools/_distutils/command
DEBUG copying build/lib/setuptools/_distutils/command/bdist_dumb.py -> build/bdist.linux-x86_64/wheel/./setuptools/_distutils/command
DEBUG copying build/lib/setuptools/_distutils/command/build_ext.py -> build/bdist.linux-x86_64/wheel/./setuptools/_distutils/command
DEBUG copying build/lib/setuptools/_distutils/command/check.py -> build/bdist.linux-x86_64/wheel/./setuptools/_distutils/command
DEBUG copying build/lib/setuptools/_distutils/command/_framework_compat.py -> build/bdist.linux-x86_64/wheel/./setuptools/_distutils/command
DEBUG copying build/lib/setuptools/_distutils/command/__init__.py -> build/bdist.linux-x86_64/wheel/./setuptools/_distutils/command
DEBUG copying build/lib/setuptools/_distutils/command/sdist.py -> build/bdist.linux-x86_64/wheel/./setuptools/_distutils/command
DEBUG copying build/lib/setuptools/_distutils/command/bdist.py -> build/bdist.linux-x86_64/wheel/./setuptools/_distutils/command
DEBUG copying build/lib/setuptools/_distutils/command/build_clib.py -> build/bdist.linux-x86_64/wheel/./setuptools/_distutils/command
DEBUG copying build/lib/setuptools/_distutils/command/install_lib.py -> build/bdist.linux-x86_64/wheel/./setuptools/_distutils/command
DEBUG copying build/lib/setuptools/_distutils/command/install_egg_info.py -> build/bdist.linux-x86_64/wheel/./setuptools/_distutils/command
DEBUG copying build/lib/setuptools/_distutils/command/build_scripts.py -> build/bdist.linux-x86_64/wheel/./setuptools/_distutils/command
DEBUG copying build/lib/setuptools/_distutils/command/install_data.py -> build/bdist.linux-x86_64/wheel/./setuptools/_distutils/command
DEBUG copying build/lib/setuptools/_distutils/command/install_headers.py -> build/bdist.linux-x86_64/wheel/./setuptools/_distutils/command
DEBUG copying build/lib/setuptools/_distutils/text_file.py -> build/bdist.linux-x86_64/wheel/./setuptools/_distutils
DEBUG copying build/lib/setuptools/_distutils/sysconfig.py -> build/bdist.linux-x86_64/wheel/./setuptools/_distutils
DEBUG creating build/bdist.linux-x86_64/wheel/setuptools/_distutils/tests
DEBUG copying build/lib/setuptools/_distutils/tests/test_version.py -> build/bdist.linux-x86_64/wheel/./setuptools/_distutils/tests
DEBUG copying build/lib/setuptools/_distutils/tests/test_file_util.py -> build/bdist.linux-x86_64/wheel/./setuptools/_distutils/tests
DEBUG copying build/lib/setuptools/_distutils/tests/test_install_scripts.py -> build/bdist.linux-x86_64/wheel/./setuptools/_distutils/tests
DEBUG copying build/lib/setuptools/_distutils/tests/test_install_data.py -> build/bdist.linux-x86_64/wheel/./setuptools/_distutils/tests
DEBUG copying build/lib/setuptools/_distutils/tests/test_versionpredicate.py -> build/bdist.linux-x86_64/wheel/./setuptools/_distutils/tests
DEBUG copying build/lib/setuptools/_distutils/tests/test_check.py -> build/bdist.linux-x86_64/wheel/./setuptools/_distutils/tests
DEBUG copying build/lib/setuptools/_distutils/tests/test_sdist.py -> build/bdist.linux-x86_64/wheel/./setuptools/_distutils/tests
DEBUG copying build/lib/setuptools/_distutils/tests/test_spawn.py -> build/bdist.linux-x86_64/wheel/./setuptools/_distutils/tests
DEBUG copying build/lib/setuptools/_distutils/tests/test_config_cmd.py -> build/bdist.linux-x86_64/wheel/./setuptools/_distutils/tests
DEBUG copying build/lib/setuptools/_distutils/tests/test_build_py.py -> build/bdist.linux-x86_64/wheel/./setuptools/_distutils/tests
DEBUG copying build/lib/setuptools/_distutils/tests/test_clean.py -> build/bdist.linux-x86_64/wheel/./setuptools/_distutils/tests
DEBUG copying build/lib/setuptools/_distutils/tests/test_build_ext.py -> build/bdist.linux-x86_64/wheel/./setuptools/_distutils/tests
DEBUG copying build/lib/setuptools/_distutils/tests/test_modified.py -> build/bdist.linux-x86_64/wheel/./setuptools/_distutils/tests
DEBUG copying build/lib/setuptools/_distutils/tests/test_text_file.py -> build/bdist.linux-x86_64/wheel/./setuptools/_distutils/tests
DEBUG copying build/lib/setuptools/_distutils/tests/test_bdist.py -> build/bdist.linux-x86_64/wheel/./setuptools/_distutils/tests
DEBUG copying build/lib/setuptools/_distutils/tests/support.py -> build/bdist.linux-x86_64/wheel/./setuptools/_distutils/tests
DEBUG copying build/lib/setuptools/_distutils/tests/test_log.py -> build/bdist.linux-x86_64/wheel/./setuptools/_distutils/tests
DEBUG copying build/lib/setuptools/_distutils/tests/test_extension.py -> build/bdist.linux-x86_64/wheel/./setuptools/_distutils/tests
DEBUG copying build/lib/setuptools/_distutils/tests/test_bdist_rpm.py -> build/bdist.linux-x86_64/wheel/./setuptools/_distutils/tests
DEBUG copying build/lib/setuptools/_distutils/tests/__init__.py -> build/bdist.linux-x86_64/wheel/./setuptools/_distutils/tests
DEBUG copying build/lib/setuptools/_distutils/tests/test_dist.py -> build/bdist.linux-x86_64/wheel/./setuptools/_distutils/tests
DEBUG copying build/lib/setuptools/_distutils/tests/test_install.py -> build/bdist.linux-x86_64/wheel/./setuptools/_distutils/tests
DEBUG copying build/lib/setuptools/_distutils/tests/test_core.py -> build/bdist.linux-x86_64/wheel/./setuptools/_distutils/tests
DEBUG copying build/lib/setuptools/_distutils/tests/test_build_clib.py -> build/bdist.linux-x86_64/wheel/./setuptools/_distutils/tests
DEBUG copying build/lib/setuptools/_distutils/tests/test_archive_util.py -> build/bdist.linux-x86_64/wheel/./setuptools/_distutils/tests
DEBUG copying build/lib/setuptools/_distutils/tests/unix_compat.py -> build/bdist.linux-x86_64/wheel/./setuptools/_distutils/tests
DEBUG copying build/lib/setuptools/_distutils/tests/test_install_lib.py -> build/bdist.linux-x86_64/wheel/./setuptools/_distutils/tests
DEBUG copying build/lib/setuptools/_distutils/tests/test_bdist_dumb.py -> build/bdist.linux-x86_64/wheel/./setuptools/_distutils/tests
DEBUG copying build/lib/setuptools/_distutils/tests/test_cmd.py -> build/bdist.linux-x86_64/wheel/./setuptools/_distutils/tests
DEBUG copying build/lib/setuptools/_distutils/tests/test_install_headers.py -> build/bdist.linux-x86_64/wheel/./setuptools/_distutils/tests
DEBUG copying build/lib/setuptools/_distutils/tests/test_sysconfig.py -> build/bdist.linux-x86_64/wheel/./setuptools/_distutils/tests
DEBUG copying build/lib/setuptools/_distutils/tests/test_filelist.py -> build/bdist.linux-x86_64/wheel/./setuptools/_distutils/tests
DEBUG copying build/lib/setuptools/_distutils/tests/test_util.py -> build/bdist.linux-x86_64/wheel/./setuptools/_distutils/tests
DEBUG copying build/lib/setuptools/_distutils/tests/test_dir_util.py -> build/bdist.linux-x86_64/wheel/./setuptools/_distutils/tests
DEBUG copying build/lib/setuptools/_distutils/tests/test_build_scripts.py -> build/bdist.linux-x86_64/wheel/./setuptools/_distutils/tests
DEBUG creating build/bdist.linux-x86_64/wheel/setuptools/_distutils/tests/compat
DEBUG copying build/lib/setuptools/_distutils/tests/compat/py39.py -> build/bdist.linux-x86_64/wheel/./setuptools/_distutils/tests/compat
DEBUG copying build/lib/setuptools/_distutils/tests/compat/__init__.py -> build/bdist.linux-x86_64/wheel/./setuptools/_distutils/tests/compat
DEBUG copying build/lib/setuptools/_distutils/tests/test_build.py -> build/bdist.linux-x86_64/wheel/./setuptools/_distutils/tests
DEBUG copying build/lib/setuptools/_distutils/cmd.py -> build/bdist.linux-x86_64/wheel/./setuptools/_distutils
DEBUG copying build/lib/setuptools/_distutils/__init__.py -> build/bdist.linux-x86_64/wheel/./setuptools/_distutils
DEBUG copying build/lib/setuptools/_distutils/errors.py -> build/bdist.linux-x86_64/wheel/./setuptools/_distutils
DEBUG copying build/lib/setuptools/_distutils/dir_util.py -> build/bdist.linux-x86_64/wheel/./setuptools/_distutils
DEBUG copying build/lib/setuptools/_distutils/unixccompiler.py -> build/bdist.linux-x86_64/wheel/./setuptools/_distutils
DEBUG copying build/lib/setuptools/_distutils/core.py -> build/bdist.linux-x86_64/wheel/./setuptools/_distutils
DEBUG copying build/lib/setuptools/_distutils/version.py -> build/bdist.linux-x86_64/wheel/./setuptools/_distutils
DEBUG copying build/lib/setuptools/_distutils/debug.py -> build/bdist.linux-x86_64/wheel/./setuptools/_distutils
DEBUG copying build/lib/setuptools/_distutils/versionpredicate.py -> build/bdist.linux-x86_64/wheel/./setuptools/_distutils
DEBUG copying build/lib/setuptools/_distutils/_log.py -> build/bdist.linux-x86_64/wheel/./setuptools/_distutils
DEBUG copying build/lib/setuptools/_distutils/archive_util.py -> build/bdist.linux-x86_64/wheel/./setuptools/_distutils
DEBUG copying build/lib/setuptools/_distutils/file_util.py -> build/bdist.linux-x86_64/wheel/./setuptools/_distutils
DEBUG copying build/lib/setuptools/_distutils/fancy_getopt.py -> build/bdist.linux-x86_64/wheel/./setuptools/_distutils
DEBUG copying build/lib/setuptools/_distutils/_modified.py -> build/bdist.linux-x86_64/wheel/./setuptools/_distutils
DEBUG copying build/lib/setuptools/_distutils/log.py -> build/bdist.linux-x86_64/wheel/./setuptools/_distutils
DEBUG copying build/lib/setuptools/_distutils/dist.py -> build/bdist.linux-x86_64/wheel/./setuptools/_distutils
DEBUG copying build/lib/setuptools/_distutils/cygwinccompiler.py -> build/bdist.linux-x86_64/wheel/./setuptools/_distutils
DEBUG copying build/lib/setuptools/_distutils/util.py -> build/bdist.linux-x86_64/wheel/./setuptools/_distutils
DEBUG copying build/lib/setuptools/_distutils/extension.py -> build/bdist.linux-x86_64/wheel/./setuptools/_distutils
DEBUG copying build/lib/setuptools/_distutils/_msvccompiler.py -> build/bdist.linux-x86_64/wheel/./setuptools/_distutils
DEBUG creating build/bdist.linux-x86_64/wheel/setuptools/_distutils/compat
DEBUG copying build/lib/setuptools/_distutils/compat/py39.py -> build/bdist.linux-x86_64/wheel/./setuptools/_distutils/compat
DEBUG copying build/lib/setuptools/_distutils/compat/__init__.py -> build/bdist.linux-x86_64/wheel/./setuptools/_distutils/compat
DEBUG copying build/lib/setuptools/_distutils/compat/numpy.py -> build/bdist.linux-x86_64/wheel/./setuptools/_distutils/compat
DEBUG copying build/lib/setuptools/dist.py -> build/bdist.linux-x86_64/wheel/./setuptools
DEBUG copying build/lib/setuptools/wheel.py -> build/bdist.linux-x86_64/wheel/./setuptools
DEBUG creating build/bdist.linux-x86_64/wheel/setuptools/_vendor
DEBUG creating build/bdist.linux-x86_64/wheel/setuptools/_vendor/importlib_metadata-8.7.1.dist-info
DEBUG copying build/lib/setuptools/_vendor/importlib_metadata-8.7.1.dist-info/METADATA -> build/bdist.linux-x86_64/wheel/./setuptools/_vendor/importlib_metadata-8.7.1.dist-info
DEBUG copying build/lib/setuptools/_vendor/importlib_metadata-8.7.1.dist-info/RECORD -> build/bdist.linux-x86_64/wheel/./setuptools/_vendor/importlib_metadata-8.7.1.dist-info
DEBUG creating build/bdist.linux-x86_64/wheel/setuptools/_vendor/importlib_metadata-8.7.1.dist-info/licenses
DEBUG copying build/lib/setuptools/_vendor/importlib_metadata-8.7.1.dist-info/licenses/LICENSE -> build/bdist.linux-x86_64/wheel/./setuptools/_vendor/importlib_metadata-8.7.1.dist-info/licenses
DEBUG copying build/lib/setuptools/_vendor/importlib_metadata-8.7.1.dist-info/INSTALLER -> build/bdist.linux-x86_64/wheel/./setuptools/_vendor/importlib_metadata-8.7.1.dist-info
DEBUG copying build/lib/setuptools/_vendor/importlib_metadata-8.7.1.dist-info/REQUESTED -> build/bdist.linux-x86_64/wheel/./setuptools/_vendor/importlib_metadata-8.7.1.dist-info
DEBUG copying build/lib/setuptools/_vendor/importlib_metadata-8.7.1.dist-info/WHEEL -> build/bdist.linux-x86_64/wheel/./setuptools/_vendor/importlib_metadata-8.7.1.dist-info
DEBUG copying build/lib/setuptools/_vendor/importlib_metadata-8.7.1.dist-info/top_level.txt -> build/bdist.linux-x86_64/wheel/./setuptools/_vendor/importlib_metadata-8.7.1.dist-info
DEBUG creating build/bdist.linux-x86_64/wheel/setuptools/_vendor/zipp
DEBUG copying build/lib/setuptools/_vendor/zipp/__init__.py -> build/bdist.linux-x86_64/wheel/./setuptools/_vendor/zipp
DEBUG copying build/lib/setuptools/_vendor/zipp/glob.py -> build/bdist.linux-x86_64/wheel/./setuptools/_vendor/zipp
DEBUG copying build/lib/setuptools/_vendor/zipp/_functools.py -> build/bdist.linux-x86_64/wheel/./setuptools/_vendor/zipp
DEBUG creating build/bdist.linux-x86_64/wheel/setuptools/_vendor/zipp/compat
DEBUG copying build/lib/setuptools/_vendor/zipp/compat/py310.py -> build/bdist.linux-x86_64/wheel/./setuptools/_vendor/zipp/compat
DEBUG copying build/lib/setuptools/_vendor/zipp/compat/__init__.py -> build/bdist.linux-x86_64/wheel/./setuptools/_vendor/zipp/compat
DEBUG copying build/lib/setuptools/_vendor/zipp/compat/py313.py -> build/bdist.linux-x86_64/wheel/./setuptools/_vendor/zipp/compat
DEBUG copying build/lib/setuptools/_vendor/zipp/compat/overlay.py -> build/bdist.linux-x86_64/wheel/./setuptools/_vendor/zipp/compat
DEBUG creating build/bdist.linux-x86_64/wheel/setuptools/_vendor/tomli-2.4.0.dist-info
DEBUG copying build/lib/setuptools/_vendor/tomli-2.4.0.dist-info/METADATA -> build/bdist.linux-x86_64/wheel/./setuptools/_vendor/tomli-2.4.0.dist-info
DEBUG copying build/lib/setuptools/_vendor/tomli-2.4.0.dist-info/RECORD -> build/bdist.linux-x86_64/wheel/./setuptools/_vendor/tomli-2.4.0.dist-info
DEBUG creating build/bdist.linux-x86_64/wheel/setuptools/_vendor/tomli-2.4.0.dist-info/licenses
DEBUG copying build/lib/setuptools/_vendor/tomli-2.4.0.dist-info/licenses/LICENSE -> build/bdist.linux-x86_64/wheel/./setuptools/_vendor/tomli-2.4.0.dist-info/licenses
DEBUG copying build/lib/setuptools/_vendor/tomli-2.4.0.dist-info/INSTALLER -> build/bdist.linux-x86_64/wheel/./setuptools/_vendor/tomli-2.4.0.dist-info
DEBUG copying build/lib/setuptools/_vendor/tomli-2.4.0.dist-info/REQUESTED -> build/bdist.linux-x86_64/wheel/./setuptools/_vendor/tomli-2.4.0.dist-info
DEBUG copying build/lib/setuptools/_vendor/tomli-2.4.0.dist-info/WHEEL -> build/bdist.linux-x86_64/wheel/./setuptools/_vendor/tomli-2.4.0.dist-info
DEBUG creating build/bdist.linux-x86_64/wheel/setuptools/_vendor/jaraco
DEBUG creating build/bdist.linux-x86_64/wheel/setuptools/_vendor/jaraco/context
DEBUG copying build/lib/setuptools/_vendor/jaraco/context/__init__.py -> build/bdist.linux-x86_64/wheel/./setuptools/_vendor/jaraco/context
DEBUG copying build/lib/setuptools/_vendor/jaraco/context/py.typed -> build/bdist.linux-x86_64/wheel/./setuptools/_vendor/jaraco/context
DEBUG creating build/bdist.linux-x86_64/wheel/setuptools/_vendor/jaraco/functools
DEBUG copying build/lib/setuptools/_vendor/jaraco/functools/__init__.py -> build/bdist.linux-x86_64/wheel/./setuptools/_vendor/jaraco/functools
DEBUG copying build/lib/setuptools/_vendor/jaraco/functools/__init__.pyi -> build/bdist.linux-x86_64/wheel/./setuptools/_vendor/jaraco/functools
DEBUG copying build/lib/setuptools/_vendor/jaraco/functools/py.typed -> build/bdist.linux-x86_64/wheel/./setuptools/_vendor/jaraco/functools
DEBUG creating build/bdist.linux-x86_64/wheel/setuptools/_vendor/jaraco/text
DEBUG copying build/lib/setuptools/_vendor/jaraco/text/to-dvorak.py -> build/bdist.linux-x86_64/wheel/./setuptools/_vendor/jaraco/text
DEBUG copying build/lib/setuptools/_vendor/jaraco/text/to-qwerty.py -> build/bdist.linux-x86_64/wheel/./setuptools/_vendor/jaraco/text
DEBUG copying build/lib/setuptools/_vendor/jaraco/text/show-newlines.py -> build/bdist.linux-x86_64/wheel/./setuptools/_vendor/jaraco/text
DEBUG copying build/lib/setuptools/_vendor/jaraco/text/Lorem ipsum.txt -> build/bdist.linux-x86_64/wheel/./setuptools/_vendor/jaraco/text
DEBUG copying build/lib/setuptools/_vendor/jaraco/text/__init__.py -> build/bdist.linux-x86_64/wheel/./setuptools/_vendor/jaraco/text
DEBUG copying build/lib/setuptools/_vendor/jaraco/text/strip-prefix.py -> build/bdist.linux-x86_64/wheel/./setuptools/_vendor/jaraco/text
DEBUG copying build/lib/setuptools/_vendor/jaraco/text/layouts.py -> build/bdist.linux-x86_64/wheel/./setuptools/_vendor/jaraco/text
DEBUG copying build/lib/setuptools/_vendor/.lock -> build/bdist.linux-x86_64/wheel/./setuptools/_vendor
DEBUG creating build/bdist.linux-x86_64/wheel/setuptools/_vendor/tomli
DEBUG copying build/lib/setuptools/_vendor/tomli/__init__.py -> build/bdist.linux-x86_64/wheel/./setuptools/_vendor/tomli
DEBUG copying build/lib/setuptools/_vendor/tomli/_types.py -> build/bdist.linux-x86_64/wheel/./setuptools/_vendor/tomli
DEBUG copying build/lib/setuptools/_vendor/tomli/_parser.py -> build/bdist.linux-x86_64/wheel/./setuptools/_vendor/tomli
DEBUG copying build/lib/setuptools/_vendor/tomli/py.typed -> build/bdist.linux-x86_64/wheel/./setuptools/_vendor/tomli
DEBUG copying build/lib/setuptools/_vendor/tomli/_re.py -> build/bdist.linux-x86_64/wheel/./setuptools/_vendor/tomli
DEBUG creating build/bdist.linux-x86_64/wheel/setuptools/_vendor/jaraco_functools-4.4.0.dist-info
DEBUG copying build/lib/setuptools/_vendor/jaraco_functools-4.4.0.dist-info/METADATA -> build/bdist.linux-x86_64/wheel/./setuptools/_vendor/jaraco_functools-4.4.0.dist-info
DEBUG copying build/lib/setuptools/_vendor/jaraco_functools-4.4.0.dist-info/RECORD -> build/bdist.linux-x86_64/wheel/./setuptools/_vendor/jaraco_functools-4.4.0.dist-info
DEBUG creating build/bdist.linux-x86_64/wheel/setuptools/_vendor/jaraco_functools-4.4.0.dist-info/licenses
DEBUG copying build/lib/setuptools/_vendor/jaraco_functools-4.4.0.dist-info/licenses/LICENSE -> build/bdist.linux-x86_64/wheel/./setuptools/_vendor/jaraco_functools-4.4.0.dist-info/licenses
DEBUG copying build/lib/setuptools/_vendor/jaraco_functools-4.4.0.dist-info/INSTALLER -> build/bdist.linux-x86_64/wheel/./setuptools/_vendor/jaraco_functools-4.4.0.dist-info
DEBUG copying build/lib/setuptools/_vendor/jaraco_functools-4.4.0.dist-info/REQUESTED -> build/bdist.linux-x86_64/wheel/./setuptools/_vendor/jaraco_functools-4.4.0.dist-info
DEBUG copying build/lib/setuptools/_vendor/jaraco_functools-4.4.0.dist-info/WHEEL -> build/bdist.linux-x86_64/wheel/./setuptools/_vendor/jaraco_functools-4.4.0.dist-info
DEBUG copying build/lib/setuptools/_vendor/jaraco_functools-4.4.0.dist-info/top_level.txt -> build/bdist.linux-x86_64/wheel/./setuptools/_vendor/jaraco_functools-4.4.0.dist-info
DEBUG creating build/bdist.linux-x86_64/wheel/setuptools/_vendor/jaraco.text-4.0.0.dist-info
DEBUG copying build/lib/setuptools/_vendor/jaraco.text-4.0.0.dist-info/METADATA -> build/bdist.linux-x86_64/wheel/./setuptools/_vendor/jaraco.text-4.0.0.dist-info
DEBUG copying build/lib/setuptools/_vendor/jaraco.text-4.0.0.dist-info/RECORD -> build/bdist.linux-x86_64/wheel/./setuptools/_vendor/jaraco.text-4.0.0.dist-info
DEBUG copying build/lib/setuptools/_vendor/jaraco.text-4.0.0.dist-info/LICENSE -> build/bdist.linux-x86_64/wheel/./setuptools/_vendor/jaraco.text-4.0.0.dist-info
DEBUG copying build/lib/setuptools/_vendor/jaraco.text-4.0.0.dist-info/INSTALLER -> build/bdist.linux-x86_64/wheel/./setuptools/_vendor/jaraco.text-4.0.0.dist-info
DEBUG copying build/lib/setuptools/_vendor/jaraco.text-4.0.0.dist-info/REQUESTED -> build/bdist.linux-x86_64/wheel/./setuptools/_vendor/jaraco.text-4.0.0.dist-info
DEBUG copying build/lib/setuptools/_vendor/jaraco.text-4.0.0.dist-info/WHEEL -> build/bdist.linux-x86_64/wheel/./setuptools/_vendor/jaraco.text-4.0.0.dist-info
DEBUG copying build/lib/setuptools/_vendor/jaraco.text-4.0.0.dist-info/top_level.txt -> build/bdist.linux-x86_64/wheel/./setuptools/_vendor/jaraco.text-4.0.0.dist-info
DEBUG creating build/bdist.linux-x86_64/wheel/setuptools/_vendor/jaraco_context-6.1.0.dist-info
DEBUG copying build/lib/setuptools/_vendor/jaraco_context-6.1.0.dist-info/METADATA -> build/bdist.linux-x86_64/wheel/./setuptools/_vendor/jaraco_context-6.1.0.dist-info
DEBUG copying build/lib/setuptools/_vendor/jaraco_context-6.1.0.dist-info/RECORD -> build/bdist.linux-x86_64/wheel/./setuptools/_vendor/jaraco_context-6.1.0.dist-info
DEBUG creating build/bdist.linux-x86_64/wheel/setuptools/_vendor/jaraco_context-6.1.0.dist-info/licenses
DEBUG copying build/lib/setuptools/_vendor/jaraco_context-6.1.0.dist-info/licenses/LICENSE -> build/bdist.linux-x86_64/wheel/./setuptools/_vendor/jaraco_context-6.1.0.dist-info/licenses
DEBUG copying build/lib/setuptools/_vendor/jaraco_context-6.1.0.dist-info/INSTALLER -> build/bdist.linux-x86_64/wheel/./setuptools/_vendor/jaraco_context-6.1.0.dist-info
DEBUG copying build/lib/setuptools/_vendor/jaraco_context-6.1.0.dist-info/REQUESTED -> build/bdist.linux-x86_64/wheel/./setuptools/_vendor/jaraco_context-6.1.0.dist-info
DEBUG copying build/lib/setuptools/_vendor/jaraco_context-6.1.0.dist-info/WHEEL -> build/bdist.linux-x86_64/wheel/./setuptools/_vendor/jaraco_context-6.1.0.dist-info
DEBUG copying build/lib/setuptools/_vendor/jaraco_context-6.1.0.dist-info/top_level.txt -> build/bdist.linux-x86_64/wheel/./setuptools/_vendor/jaraco_context-6.1.0.dist-info
DEBUG creating build/bdist.linux-x86_64/wheel/setuptools/_vendor/backports
DEBUG copying build/lib/setuptools/_vendor/backports/__init__.py -> build/bdist.linux-x86_64/wheel/./setuptools/_vendor/backports
DEBUG creating build/bdist.linux-x86_64/wheel/setuptools/_vendor/backports/tarfile
DEBUG copying build/lib/setuptools/_vendor/backports/tarfile/__init__.py -> build/bdist.linux-x86_64/wheel/./setuptools/_vendor/backports/tarfile
DEBUG copying build/lib/setuptools/_vendor/backports/tarfile/__main__.py -> build/bdist.linux-x86_64/wheel/./setuptools/_vendor/backports/tarfile
DEBUG creating build/bdist.linux-x86_64/wheel/setuptools/_vendor/backports/tarfile/compat
DEBUG copying build/lib/setuptools/_vendor/backports/tarfile/compat/__init__.py -> build/bdist.linux-x86_64/wheel/./setuptools/_vendor/backports/tarfile/compat
DEBUG copying build/lib/setuptools/_vendor/backports/tarfile/compat/py38.py -> build/bdist.linux-x86_64/wheel/./setuptools/_vendor/backports/tarfile/compat
DEBUG creating build/bdist.linux-x86_64/wheel/setuptools/_vendor/packaging
DEBUG copying build/lib/setuptools/_vendor/packaging/_musllinux.py -> build/bdist.linux-x86_64/wheel/./setuptools/_vendor/packaging
DEBUG copying build/lib/setuptools/_vendor/packaging/_structures.py -> build/bdist.linux-x86_64/wheel/./setuptools/_vendor/packaging
DEBUG copying build/lib/setuptools/_vendor/packaging/_elffile.py -> build/bdist.linux-x86_64/wheel/./setuptools/_vendor/packaging
DEBUG copying build/lib/setuptools/_vendor/packaging/utils.py -> build/bdist.linux-x86_64/wheel/./setuptools/_vendor/packaging
DEBUG copying build/lib/setuptools/_vendor/packaging/metadata.py -> build/bdist.linux-x86_64/wheel/./setuptools/_vendor/packaging
DEBUG copying build/lib/setuptools/_vendor/packaging/requirements.py -> build/bdist.linux-x86_64/wheel/./setuptools/_vendor/packaging
DEBUG copying build/lib/setuptools/_vendor/packaging/_manylinux.py -> build/bdist.linux-x86_64/wheel/./setuptools/_vendor/packaging
DEBUG creating build/bdist.linux-x86_64/wheel/setuptools/_vendor/packaging/licenses
DEBUG copying build/lib/setuptools/_vendor/packaging/licenses/_spdx.py -> build/bdist.linux-x86_64/wheel/./setuptools/_vendor/packaging/licenses
DEBUG copying build/lib/setuptools/_vendor/packaging/licenses/__init__.py -> build/bdist.linux-x86_64/wheel/./setuptools/_vendor/packaging/licenses
DEBUG copying build/lib/setuptools/_vendor/packaging/specifiers.py -> build/bdist.linux-x86_64/wheel/./setuptools/_vendor/packaging
DEBUG copying build/lib/setuptools/_vendor/packaging/__init__.py -> build/bdist.linux-x86_64/wheel/./setuptools/_vendor/packaging
DEBUG copying build/lib/setuptools/_vendor/packaging/tags.py -> build/bdist.linux-x86_64/wheel/./setuptools/_vendor/packaging
DEBUG copying build/lib/setuptools/_vendor/packaging/pylock.py -> build/bdist.linux-x86_64/wheel/./setuptools/_vendor/packaging
DEBUG copying build/lib/setuptools/_vendor/packaging/version.py -> build/bdist.linux-x86_64/wheel/./setuptools/_vendor/packaging
DEBUG copying build/lib/setuptools/_vendor/packaging/markers.py -> build/bdist.linux-x86_64/wheel/./setuptools/_vendor/packaging
DEBUG copying build/lib/setuptools/_vendor/packaging/_parser.py -> build/bdist.linux-x86_64/wheel/./setuptools/_vendor/packaging
DEBUG copying build/lib/setuptools/_vendor/packaging/_tokenizer.py -> build/bdist.linux-x86_64/wheel/./setuptools/_vendor/packaging
DEBUG copying build/lib/setuptools/_vendor/packaging/py.typed -> build/bdist.linux-x86_64/wheel/./setuptools/_vendor/packaging
DEBUG creating build/bdist.linux-x86_64/wheel/setuptools/_vendor/importlib_metadata
DEBUG copying build/lib/setuptools/_vendor/importlib_metadata/diagnose.py -> build/bdist.linux-x86_64/wheel/./setuptools/_vendor/importlib_metadata
DEBUG copying build/lib/setuptools/_vendor/importlib_metadata/_text.py -> build/bdist.linux-x86_64/wheel/./setuptools/_vendor/importlib_metadata
DEBUG copying build/lib/setuptools/_vendor/importlib_metadata/_compat.py -> build/bdist.linux-x86_64/wheel/./setuptools/_vendor/importlib_metadata
DEBUG copying build/lib/setuptools/_vendor/importlib_metadata/_typing.py -> build/bdist.linux-x86_64/wheel/./setuptools/_vendor/importlib_metadata
DEBUG copying build/lib/setuptools/_vendor/importlib_metadata/__init__.py -> build/bdist.linux-x86_64/wheel/./setuptools/_vendor/importlib_metadata
DEBUG copying build/lib/setuptools/_vendor/importlib_metadata/_functools.py -> build/bdist.linux-x86_64/wheel/./setuptools/_vendor/importlib_metadata
DEBUG copying build/lib/setuptools/_vendor/importlib_metadata/_itertools.py -> build/bdist.linux-x86_64/wheel/./setuptools/_vendor/importlib_metadata
DEBUG copying build/lib/setuptools/_vendor/importlib_metadata/_adapters.py -> build/bdist.linux-x86_64/wheel/./setuptools/_vendor/importlib_metadata
DEBUG copying build/lib/setuptools/_vendor/importlib_metadata/_meta.py -> build/bdist.linux-x86_64/wheel/./setuptools/_vendor/importlib_metadata
DEBUG creating build/bdist.linux-x86_64/wheel/setuptools/_vendor/importlib_metadata/compat
DEBUG copying build/lib/setuptools/_vendor/importlib_metadata/compat/py39.py -> build/bdist.linux-x86_64/wheel/./setuptools/_vendor/importlib_metadata/compat
DEBUG copying build/lib/setuptools/_vendor/importlib_metadata/compat/__init__.py -> build/bdist.linux-x86_64/wheel/./setuptools/_vendor/importlib_metadata/compat
DEBUG copying build/lib/setuptools/_vendor/importlib_metadata/compat/py311.py -> build/bdist.linux-x86_64/wheel/./setuptools/_vendor/importlib_metadata/compat
DEBUG copying build/lib/setuptools/_vendor/importlib_metadata/py.typed -> build/bdist.linux-x86_64/wheel/./setuptools/_vendor/importlib_metadata
DEBUG copying build/lib/setuptools/_vendor/importlib_metadata/_collections.py -> build/bdist.linux-x86_64/wheel/./setuptools/_vendor/importlib_metadata
DEBUG creating build/bdist.linux-x86_64/wheel/setuptools/_vendor/wheel-0.46.3.dist-info
DEBUG copying build/lib/setuptools/_vendor/wheel-0.46.3.dist-info/METADATA -> build/bdist.linux-x86_64/wheel/./setuptools/_vendor/wheel-0.46.3.dist-info
DEBUG copying build/lib/setuptools/_vendor/wheel-0.46.3.dist-info/RECORD -> build/bdist.linux-x86_64/wheel/./setuptools/_vendor/wheel-0.46.3.dist-info
DEBUG creating build/bdist.linux-x86_64/wheel/setuptools/_vendor/wheel-0.46.3.dist-info/licenses
DEBUG copying build/lib/setuptools/_vendor/wheel-0.46.3.dist-info/licenses/LICENSE.txt -> build/bdist.linux-x86_64/wheel/./setuptools/_vendor/wheel-0.46.3.dist-info/licenses
DEBUG copying build/lib/setuptools/_vendor/wheel-0.46.3.dist-info/entry_points.txt -> build/bdist.linux-x86_64/wheel/./setuptools/_vendor/wheel-0.46.3.dist-info
DEBUG copying build/lib/setuptools/_vendor/wheel-0.46.3.dist-info/INSTALLER -> build/bdist.linux-x86_64/wheel/./setuptools/_vendor/wheel-0.46.3.dist-info
DEBUG copying build/lib/setuptools/_vendor/wheel-0.46.3.dist-info/REQUESTED -> build/bdist.linux-x86_64/wheel/./setuptools/_vendor/wheel-0.46.3.dist-info
DEBUG copying build/lib/setuptools/_vendor/wheel-0.46.3.dist-info/WHEEL -> build/bdist.linux-x86_64/wheel/./setuptools/_vendor/wheel-0.46.3.dist-info
DEBUG creating build/bdist.linux-x86_64/wheel/setuptools/_vendor/more_itertools-10.8.0.dist-info
DEBUG copying build/lib/setuptools/_vendor/more_itertools-10.8.0.dist-info/METADATA -> build/bdist.linux-x86_64/wheel/./setuptools/_vendor/more_itertools-10.8.0.dist-info
DEBUG copying build/lib/setuptools/_vendor/more_itertools-10.8.0.dist-info/RECORD -> build/bdist.linux-x86_64/wheel/./setuptools/_vendor/more_itertools-10.8.0.dist-info
DEBUG creating build/bdist.linux-x86_64/wheel/setuptools/_vendor/more_itertools-10.8.0.dist-info/licenses
DEBUG copying build/lib/setuptools/_vendor/more_itertools-10.8.0.dist-info/licenses/LICENSE -> build/bdist.linux-x86_64/wheel/./setuptools/_vendor/more_itertools-10.8.0.dist-info/licenses
DEBUG copying build/lib/setuptools/_vendor/more_itertools-10.8.0.dist-info/INSTALLER -> build/bdist.linux-x86_64/wheel/./setuptools/_vendor/more_itertools-10.8.0.dist-info
DEBUG copying build/lib/setuptools/_vendor/more_itertools-10.8.0.dist-info/REQUESTED -> build/bdist.linux-x86_64/wheel/./setuptools/_vendor/more_itertools-10.8.0.dist-info
DEBUG copying build/lib/setuptools/_vendor/more_itertools-10.8.0.dist-info/WHEEL -> build/bdist.linux-x86_64/wheel/./setuptools/_vendor/more_itertools-10.8.0.dist-info
DEBUG creating build/bdist.linux-x86_64/wheel/setuptools/_vendor/backports.tarfile-1.2.0.dist-info
DEBUG copying build/lib/setuptools/_vendor/backports.tarfile-1.2.0.dist-info/METADATA -> build/bdist.linux-x86_64/wheel/./setuptools/_vendor/backports.tarfile-1.2.0.dist-info
DEBUG copying build/lib/setuptools/_vendor/backports.tarfile-1.2.0.dist-info/RECORD -> build/bdist.linux-x86_64/wheel/./setuptools/_vendor/backports.tarfile-1.2.0.dist-info
DEBUG copying build/lib/setuptools/_vendor/backports.tarfile-1.2.0.dist-info/LICENSE -> build/bdist.linux-x86_64/wheel/./setuptools/_vendor/backports.tarfile-1.2.0.dist-info
DEBUG copying build/lib/setuptools/_vendor/backports.tarfile-1.2.0.dist-info/INSTALLER -> build/bdist.linux-x86_64/wheel/./setuptools/_vendor/backports.tarfile-1.2.0.dist-info
DEBUG copying build/lib/setuptools/_vendor/backports.tarfile-1.2.0.dist-info/REQUESTED -> build/bdist.linux-x86_64/wheel/./setuptools/_vendor/backports.tarfile-1.2.0.dist-info
DEBUG copying build/lib/setuptools/_vendor/backports.tarfile-1.2.0.dist-info/WHEEL -> build/bdist.linux-x86_64/wheel/./setuptools/_vendor/backports.tarfile-1.2.0.dist-info
DEBUG copying build/lib/setuptools/_vendor/backports.tarfile-1.2.0.dist-info/top_level.txt -> build/bdist.linux-x86_64/wheel/./setuptools/_vendor/backports.tarfile-1.2.0.dist-info
DEBUG creating build/bdist.linux-x86_64/wheel/setuptools/_vendor/zipp-3.23.0.dist-info
DEBUG copying build/lib/setuptools/_vendor/zipp-3.23.0.dist-info/METADATA -> build/bdist.linux-x86_64/wheel/./setuptools/_vendor/zipp-3.23.0.dist-info
DEBUG copying build/lib/setuptools/_vendor/zipp-3.23.0.dist-info/RECORD -> build/bdist.linux-x86_64/wheel/./setuptools/_vendor/zipp-3.23.0.dist-info
DEBUG creating build/bdist.linux-x86_64/wheel/setuptools/_vendor/zipp-3.23.0.dist-info/licenses
DEBUG copying build/lib/setuptools/_vendor/zipp-3.23.0.dist-info/licenses/LICENSE -> build/bdist.linux-x86_64/wheel/./setuptools/_vendor/zipp-3.23.0.dist-info/licenses
DEBUG copying build/lib/setuptools/_vendor/zipp-3.23.0.dist-info/INSTALLER -> build/bdist.linux-x86_64/wheel/./setuptools/_vendor/zipp-3.23.0.dist-info
DEBUG copying build/lib/setuptools/_vendor/zipp-3.23.0.dist-info/REQUESTED -> build/bdist.linux-x86_64/wheel/./setuptools/_vendor/zipp-3.23.0.dist-info
DEBUG copying build/lib/setuptools/_vendor/zipp-3.23.0.dist-info/WHEEL -> build/bdist.linux-x86_64/wheel/./setuptools/_vendor/zipp-3.23.0.dist-info
DEBUG copying build/lib/setuptools/_vendor/zipp-3.23.0.dist-info/top_level.txt -> build/bdist.linux-x86_64/wheel/./setuptools/_vendor/zipp-3.23.0.dist-info
DEBUG creating build/bdist.linux-x86_64/wheel/setuptools/_vendor/more_itertools
DEBUG copying build/lib/setuptools/_vendor/more_itertools/more.pyi -> build/bdist.linux-x86_64/wheel/./setuptools/_vendor/more_itertools
DEBUG copying build/lib/setuptools/_vendor/more_itertools/__init__.py -> build/bdist.linux-x86_64/wheel/./setuptools/_vendor/more_itertools
DEBUG copying build/lib/setuptools/_vendor/more_itertools/recipes.pyi -> build/bdist.linux-x86_64/wheel/./setuptools/_vendor/more_itertools
DEBUG copying build/lib/setuptools/_vendor/more_itertools/__init__.pyi -> build/bdist.linux-x86_64/wheel/./setuptools/_vendor/more_itertools
DEBUG copying build/lib/setuptools/_vendor/more_itertools/recipes.py -> build/bdist.linux-x86_64/wheel/./setuptools/_vendor/more_itertools
DEBUG copying build/lib/setuptools/_vendor/more_itertools/py.typed -> build/bdist.linux-x86_64/wheel/./setuptools/_vendor/more_itertools
DEBUG copying build/lib/setuptools/_vendor/more_itertools/more.py -> build/bdist.linux-x86_64/wheel/./setuptools/_vendor/more_itertools
DEBUG creating build/bdist.linux-x86_64/wheel/setuptools/_vendor/platformdirs
DEBUG copying build/lib/setuptools/_vendor/platformdirs/unix.py -> build/bdist.linux-x86_64/wheel/./setuptools/_vendor/platformdirs
DEBUG copying build/lib/setuptools/_vendor/platformdirs/android.py -> build/bdist.linux-x86_64/wheel/./setuptools/_vendor/platformdirs
DEBUG copying build/lib/setuptools/_vendor/platformdirs/__init__.py -> build/bdist.linux-x86_64/wheel/./setuptools/_vendor/platformdirs
DEBUG copying build/lib/setuptools/_vendor/platformdirs/windows.py -> build/bdist.linux-x86_64/wheel/./setuptools/_vendor/platformdirs
DEBUG copying build/lib/setuptools/_vendor/platformdirs/version.py -> build/bdist.linux-x86_64/wheel/./setuptools/_vendor/platformdirs
DEBUG copying build/lib/setuptools/_vendor/platformdirs/__main__.py -> build/bdist.linux-x86_64/wheel/./setuptools/_vendor/platformdirs
DEBUG copying build/lib/setuptools/_vendor/platformdirs/py.typed -> build/bdist.linux-x86_64/wheel/./setuptools/_vendor/platformdirs
DEBUG copying build/lib/setuptools/_vendor/platformdirs/api.py -> build/bdist.linux-x86_64/wheel/./setuptools/_vendor/platformdirs
DEBUG copying build/lib/setuptools/_vendor/platformdirs/macos.py -> build/bdist.linux-x86_64/wheel/./setuptools/_vendor/platformdirs
DEBUG creating build/bdist.linux-x86_64/wheel/setuptools/_vendor/platformdirs-4.4.0.dist-info
DEBUG copying build/lib/setuptools/_vendor/platformdirs-4.4.0.dist-info/METADATA -> build/bdist.linux-x86_64/wheel/./setuptools/_vendor/platformdirs-4.4.0.dist-info
DEBUG copying build/lib/setuptools/_vendor/platformdirs-4.4.0.dist-info/RECORD -> build/bdist.linux-x86_64/wheel/./setuptools/_vendor/platformdirs-4.4.0.dist-info
DEBUG creating build/bdist.linux-x86_64/wheel/setuptools/_vendor/platformdirs-4.4.0.dist-info/licenses
DEBUG copying build/lib/setuptools/_vendor/platformdirs-4.4.0.dist-info/licenses/LICENSE -> build/bdist.linux-x86_64/wheel/./setuptools/_vendor/platformdirs-4.4.0.dist-info/licenses
DEBUG copying build/lib/setuptools/_vendor/platformdirs-4.4.0.dist-info/INSTALLER -> build/bdist.linux-x86_64/wheel/./setuptools/_vendor/platformdirs-4.4.0.dist-info
DEBUG copying build/lib/setuptools/_vendor/platformdirs-4.4.0.dist-info/REQUESTED -> build/bdist.linux-x86_64/wheel/./setuptools/_vendor/platformdirs-4.4.0.dist-info
DEBUG copying build/lib/setuptools/_vendor/platformdirs-4.4.0.dist-info/WHEEL -> build/bdist.linux-x86_64/wheel/./setuptools/_vendor/platformdirs-4.4.0.dist-info
DEBUG creating build/bdist.linux-x86_64/wheel/setuptools/_vendor/autocommand-2.2.2.dist-info
DEBUG copying build/lib/setuptools/_vendor/autocommand-2.2.2.dist-info/METADATA -> build/bdist.linux-x86_64/wheel/./setuptools/_vendor/autocommand-2.2.2.dist-info
DEBUG copying build/lib/setuptools/_vendor/autocommand-2.2.2.dist-info/RECORD -> build/bdist.linux-x86_64/wheel/./setuptools/_vendor/autocommand-2.2.2.dist-info
DEBUG copying build/lib/setuptools/_vendor/autocommand-2.2.2.dist-info/LICENSE -> build/bdist.linux-x86_64/wheel/./setuptools/_vendor/autocommand-2.2.2.dist-info
DEBUG copying build/lib/setuptools/_vendor/autocommand-2.2.2.dist-info/INSTALLER -> build/bdist.linux-x86_64/wheel/./setuptools/_vendor/autocommand-2.2.2.dist-info
DEBUG copying build/lib/setuptools/_vendor/autocommand-2.2.2.dist-info/REQUESTED -> build/bdist.linux-x86_64/wheel/./setuptools/_vendor/autocommand-2.2.2.dist-info
DEBUG copying build/lib/setuptools/_vendor/autocommand-2.2.2.dist-info/WHEEL -> build/bdist.linux-x86_64/wheel/./setuptools/_vendor/autocommand-2.2.2.dist-info
DEBUG copying build/lib/setuptools/_vendor/autocommand-2.2.2.dist-info/top_level.txt -> build/bdist.linux-x86_64/wheel/./setuptools/_vendor/autocommand-2.2.2.dist-info
DEBUG creating build/bdist.linux-x86_64/wheel/setuptools/_vendor/wheel
DEBUG copying build/lib/setuptools/_vendor/wheel/_setuptools_logging.py -> build/bdist.linux-x86_64/wheel/./setuptools/_vendor/wheel
DEBUG copying build/lib/setuptools/_vendor/wheel/metadata.py -> build/bdist.linux-x86_64/wheel/./setuptools/_vendor/wheel
DEBUG copying build/lib/setuptools/_vendor/wheel/_bdist_wheel.py -> build/bdist.linux-x86_64/wheel/./setuptools/_vendor/wheel
DEBUG copying build/lib/setuptools/_vendor/wheel/wheelfile.py -> build/bdist.linux-x86_64/wheel/./setuptools/_vendor/wheel
DEBUG copying build/lib/setuptools/_vendor/wheel/__init__.py -> build/bdist.linux-x86_64/wheel/./setuptools/_vendor/wheel
DEBUG copying build/lib/setuptools/_vendor/wheel/macosx_libfile.py -> build/bdist.linux-x86_64/wheel/./setuptools/_vendor/wheel
DEBUG copying build/lib/setuptools/_vendor/wheel/_metadata.py -> build/bdist.linux-x86_64/wheel/./setuptools/_vendor/wheel
DEBUG copying build/lib/setuptools/_vendor/wheel/__main__.py -> build/bdist.linux-x86_64/wheel/./setuptools/_vendor/wheel
DEBUG creating build/bdist.linux-x86_64/wheel/setuptools/_vendor/wheel/_commands
DEBUG copying build/lib/setuptools/_vendor/wheel/_commands/convert.py -> build/bdist.linux-x86_64/wheel/./setuptools/_vendor/wheel/_commands
DEBUG copying build/lib/setuptools/_vendor/wheel/_commands/pack.py -> build/bdist.linux-x86_64/wheel/./setuptools/_vendor/wheel/_commands
DEBUG copying build/lib/setuptools/_vendor/wheel/_commands/__init__.py -> build/bdist.linux-x86_64/wheel/./setuptools/_vendor/wheel/_commands
DEBUG copying build/lib/setuptools/_vendor/wheel/_commands/tags.py -> build/bdist.linux-x86_64/wheel/./setuptools/_vendor/wheel/_commands
DEBUG copying build/lib/setuptools/_vendor/wheel/_commands/unpack.py -> build/bdist.linux-x86_64/wheel/./setuptools/_vendor/wheel/_commands
DEBUG copying build/lib/setuptools/_vendor/wheel/bdist_wheel.py -> build/bdist.linux-x86_64/wheel/./setuptools/_vendor/wheel
DEBUG creating build/bdist.linux-x86_64/wheel/setuptools/_vendor/autocommand
DEBUG copying build/lib/setuptools/_vendor/autocommand/autocommand.py -> build/bdist.linux-x86_64/wheel/./setuptools/_vendor/autocommand
DEBUG copying build/lib/setuptools/_vendor/autocommand/autoasync.py -> build/bdist.linux-x86_64/wheel/./setuptools/_vendor/autocommand
DEBUG copying build/lib/setuptools/_vendor/autocommand/__init__.py -> build/bdist.linux-x86_64/wheel/./setuptools/_vendor/autocommand
DEBUG copying build/lib/setuptools/_vendor/autocommand/errors.py -> build/bdist.linux-x86_64/wheel/./setuptools/_vendor/autocommand
DEBUG copying build/lib/setuptools/_vendor/autocommand/autoparse.py -> build/bdist.linux-x86_64/wheel/./setuptools/_vendor/autocommand
DEBUG copying build/lib/setuptools/_vendor/autocommand/automain.py -> build/bdist.linux-x86_64/wheel/./setuptools/_vendor/autocommand
DEBUG creating build/bdist.linux-x86_64/wheel/setuptools/_vendor/packaging-26.0.dist-info
DEBUG copying build/lib/setuptools/_vendor/packaging-26.0.dist-info/METADATA -> build/bdist.linux-x86_64/wheel/./setuptools/_vendor/packaging-26.0.dist-info
DEBUG copying build/lib/setuptools/_vendor/packaging-26.0.dist-info/RECORD -> build/bdist.linux-x86_64/wheel/./setuptools/_vendor/packaging-26.0.dist-info
DEBUG creating build/bdist.linux-x86_64/wheel/setuptools/_vendor/packaging-26.0.dist-info/licenses
DEBUG copying build/lib/setuptools/_vendor/packaging-26.0.dist-info/licenses/LICENSE.APACHE -> build/bdist.linux-x86_64/wheel/./setuptools/_vendor/packaging-26.0.dist-info/licenses
DEBUG copying build/lib/setuptools/_vendor/packaging-26.0.dist-info/licenses/LICENSE -> build/bdist.linux-x86_64/wheel/./setuptools/_vendor/packaging-26.0.dist-info/licenses
DEBUG copying build/lib/setuptools/_vendor/packaging-26.0.dist-info/licenses/LICENSE.BSD -> build/bdist.linux-x86_64/wheel/./setuptools/_vendor/packaging-26.0.dist-info/licenses
DEBUG copying build/lib/setuptools/_vendor/packaging-26.0.dist-info/INSTALLER -> build/bdist.linux-x86_64/wheel/./setuptools/_vendor/packaging-26.0.dist-info
DEBUG copying build/lib/setuptools/_vendor/packaging-26.0.dist-info/REQUESTED -> build/bdist.linux-x86_64/wheel/./setuptools/_vendor/packaging-26.0.dist-info
DEBUG copying build/lib/setuptools/_vendor/packaging-26.0.dist-info/WHEEL -> build/bdist.linux-x86_64/wheel/./setuptools/_vendor/packaging-26.0.dist-info
DEBUG copying build/lib/setuptools/extension.py -> build/bdist.linux-x86_64/wheel/./setuptools
DEBUG copying build/lib/setuptools/monkey.py -> build/bdist.linux-x86_64/wheel/./setuptools
DEBUG copying build/lib/setuptools/_normalization.py -> build/bdist.linux-x86_64/wheel/./setuptools
DEBUG creating build/bdist.linux-x86_64/wheel/setuptools/compat
DEBUG copying build/lib/setuptools/compat/py310.py -> build/bdist.linux-x86_64/wheel/./setuptools/compat
DEBUG copying build/lib/setuptools/compat/py39.py -> build/bdist.linux-x86_64/wheel/./setuptools/compat
DEBUG copying build/lib/setuptools/compat/__init__.py -> build/bdist.linux-x86_64/wheel/./setuptools/compat
DEBUG copying build/lib/setuptools/compat/py311.py -> build/bdist.linux-x86_64/wheel/./setuptools/compat
DEBUG copying build/lib/setuptools/compat/py312.py -> build/bdist.linux-x86_64/wheel/./setuptools/compat
DEBUG copying build/lib/setuptools/unicode_utils.py -> build/bdist.linux-x86_64/wheel/./setuptools
DEBUG copying build/lib/setuptools/_scripts.py -> build/bdist.linux-x86_64/wheel/./setuptools
DEBUG running install_egg_info
DEBUG Copying setuptools.egg-info to build/bdist.linux-x86_64/wheel/./setuptools-82.0.1-py3.12.egg-info
DEBUG running install_scripts
DEBUG creating build/bdist.linux-x86_64/wheel/./distutils-precedence.pth
DEBUG creating build/bdist.linux-x86_64/wheel/setuptools-82.0.1.dist-info/WHEEL
DEBUG creating '/root/.cache/uv/builds-v0/.tmpI4HLGH/.tmp-h9obg1sc/setuptools-82.0.1-py3-none-any.whl' and adding 'build/bdist.linux-x86_64/wheel' to it
DEBUG adding 'distutils-precedence.pth'
DEBUG adding '_distutils_hack/__init__.py'
DEBUG adding '_distutils_hack/override.py'
DEBUG adding 'setuptools/__init__.py'
DEBUG adding 'setuptools/_core_metadata.py'
DEBUG adding 'setuptools/_discovery.py'
DEBUG adding 'setuptools/_entry_points.py'
DEBUG adding 'setuptools/_imp.py'
DEBUG adding 'setuptools/_importlib.py'
DEBUG adding 'setuptools/_itertools.py'
DEBUG adding 'setuptools/_normalization.py'
DEBUG adding 'setuptools/_path.py'
DEBUG adding 'setuptools/_reqs.py'
DEBUG adding 'setuptools/_scripts.py'
DEBUG adding 'setuptools/_shutil.py'
DEBUG adding 'setuptools/_static.py'
DEBUG adding 'setuptools/archive_util.py'
DEBUG adding 'setuptools/build_meta.py'
DEBUG adding 'setuptools/cli-32.exe'
DEBUG adding 'setuptools/cli-64.exe'
DEBUG adding 'setuptools/cli-arm64.exe'
DEBUG adding 'setuptools/cli.exe'
DEBUG adding 'setuptools/depends.py'
DEBUG adding 'setuptools/discovery.py'
DEBUG adding 'setuptools/dist.py'
DEBUG adding 'setuptools/errors.py'
DEBUG adding 'setuptools/extension.py'
DEBUG adding 'setuptools/glob.py'
DEBUG adding 'setuptools/gui-32.exe'
DEBUG adding 'setuptools/gui-64.exe'
DEBUG adding 'setuptools/gui-arm64.exe'
DEBUG adding 'setuptools/gui.exe'
DEBUG adding 'setuptools/installer.py'
DEBUG adding 'setuptools/launch.py'
DEBUG adding 'setuptools/launcher manifest.xml'
DEBUG adding 'setuptools/logging.py'
DEBUG adding 'setuptools/modified.py'
DEBUG adding 'setuptools/monkey.py'
DEBUG adding 'setuptools/msvc.py'
DEBUG adding 'setuptools/namespaces.py'
DEBUG adding 'setuptools/script (dev).tmpl'
DEBUG adding 'setuptools/script.tmpl'
DEBUG adding 'setuptools/unicode_utils.py'
DEBUG adding 'setuptools/version.py'
DEBUG adding 'setuptools/warnings.py'
DEBUG adding 'setuptools/wheel.py'
DEBUG adding 'setuptools/windows_support.py'
DEBUG adding 'setuptools/_distutils/__init__.py'
DEBUG adding 'setuptools/_distutils/_log.py'
DEBUG adding 'setuptools/_distutils/_macos_compat.py'
DEBUG adding 'setuptools/_distutils/_modified.py'
DEBUG adding 'setuptools/_distutils/_msvccompiler.py'
DEBUG adding 'setuptools/_distutils/archive_util.py'
DEBUG adding 'setuptools/_distutils/ccompiler.py'
DEBUG adding 'setuptools/_distutils/cmd.py'
DEBUG adding 'setuptools/_distutils/core.py'
DEBUG adding 'setuptools/_distutils/cygwinccompiler.py'
DEBUG adding 'setuptools/_distutils/debug.py'
DEBUG adding 'setuptools/_distutils/dep_util.py'
DEBUG adding 'setuptools/_distutils/dir_util.py'
DEBUG adding 'setuptools/_distutils/dist.py'
DEBUG adding 'setuptools/_distutils/errors.py'
DEBUG adding 'setuptools/_distutils/extension.py'
DEBUG adding 'setuptools/_distutils/fancy_getopt.py'
DEBUG adding 'setuptools/_distutils/file_util.py'
DEBUG adding 'setuptools/_distutils/filelist.py'
DEBUG adding 'setuptools/_distutils/log.py'
DEBUG adding 'setuptools/_distutils/spawn.py'
DEBUG adding 'setuptools/_distutils/sysconfig.py'
DEBUG adding 'setuptools/_distutils/text_file.py'
DEBUG adding 'setuptools/_distutils/unixccompiler.py'
DEBUG adding 'setuptools/_distutils/util.py'
DEBUG adding 'setuptools/_distutils/version.py'
DEBUG adding 'setuptools/_distutils/versionpredicate.py'
DEBUG adding 'setuptools/_distutils/zosccompiler.py'
DEBUG adding 'setuptools/_distutils/command/__init__.py'
DEBUG adding 'setuptools/_distutils/command/_framework_compat.py'
DEBUG adding 'setuptools/_distutils/command/bdist.py'
DEBUG adding 'setuptools/_distutils/command/bdist_dumb.py'
DEBUG adding 'setuptools/_distutils/command/bdist_rpm.py'
DEBUG adding 'setuptools/_distutils/command/build.py'
DEBUG adding 'setuptools/_distutils/command/build_clib.py'
DEBUG adding 'setuptools/_distutils/command/build_ext.py'
DEBUG adding 'setuptools/_distutils/command/build_py.py'
DEBUG adding 'setuptools/_distutils/command/build_scripts.py'
DEBUG adding 'setuptools/_distutils/command/check.py'
DEBUG adding 'setuptools/_distutils/command/clean.py'
DEBUG adding 'setuptools/_distutils/command/config.py'
DEBUG adding 'setuptools/_distutils/command/install.py'
DEBUG adding 'setuptools/_distutils/command/install_data.py'
DEBUG adding 'setuptools/_distutils/command/install_egg_info.py'
DEBUG adding 'setuptools/_distutils/command/install_headers.py'
DEBUG adding 'setuptools/_distutils/command/install_lib.py'
DEBUG adding 'setuptools/_distutils/command/install_scripts.py'
DEBUG adding 'setuptools/_distutils/command/sdist.py'
DEBUG adding 'setuptools/_distutils/compat/__init__.py'
DEBUG adding 'setuptools/_distutils/compat/numpy.py'
DEBUG adding 'setuptools/_distutils/compat/py39.py'
DEBUG adding 'setuptools/_distutils/compilers/C/base.py'
DEBUG adding 'setuptools/_distutils/compilers/C/cygwin.py'
DEBUG adding 'setuptools/_distutils/compilers/C/errors.py'
DEBUG adding 'setuptools/_distutils/compilers/C/msvc.py'
DEBUG adding 'setuptools/_distutils/compilers/C/unix.py'
DEBUG adding 'setuptools/_distutils/compilers/C/zos.py'
DEBUG adding 'setuptools/_distutils/compilers/C/tests/test_base.py'
DEBUG adding 'setuptools/_distutils/compilers/C/tests/test_cygwin.py'
DEBUG adding 'setuptools/_distutils/compilers/C/tests/test_mingw.py'
DEBUG adding 'setuptools/_distutils/compilers/C/tests/test_msvc.py'
DEBUG adding 'setuptools/_distutils/compilers/C/tests/test_unix.py'
DEBUG adding 'setuptools/_distutils/tests/__init__.py'
DEBUG adding 'setuptools/_distutils/tests/support.py'
DEBUG adding 'setuptools/_distutils/tests/test_archive_util.py'
DEBUG adding 'setuptools/_distutils/tests/test_bdist.py'
DEBUG adding 'setuptools/_distutils/tests/test_bdist_dumb.py'
DEBUG adding 'setuptools/_distutils/tests/test_bdist_rpm.py'
DEBUG adding 'setuptools/_distutils/tests/test_build.py'
DEBUG adding 'setuptools/_distutils/tests/test_build_clib.py'
DEBUG adding 'setuptools/_distutils/tests/test_build_ext.py'
DEBUG adding 'setuptools/_distutils/tests/test_build_py.py'
DEBUG adding 'setuptools/_distutils/tests/test_build_scripts.py'
DEBUG adding 'setuptools/_distutils/tests/test_check.py'
DEBUG adding 'setuptools/_distutils/tests/test_clean.py'
DEBUG adding 'setuptools/_distutils/tests/test_cmd.py'
DEBUG adding 'setuptools/_distutils/tests/test_config_cmd.py'
DEBUG adding 'setuptools/_distutils/tests/test_core.py'
DEBUG adding 'setuptools/_distutils/tests/test_dir_util.py'
DEBUG adding 'setuptools/_distutils/tests/test_dist.py'
DEBUG adding 'setuptools/_distutils/tests/test_extension.py'
DEBUG adding 'setuptools/_distutils/tests/test_file_util.py'
DEBUG adding 'setuptools/_distutils/tests/test_filelist.py'
DEBUG adding 'setuptools/_distutils/tests/test_install.py'
DEBUG adding 'setuptools/_distutils/tests/test_install_data.py'
DEBUG adding 'setuptools/_distutils/tests/test_install_headers.py'
DEBUG adding 'setuptools/_distutils/tests/test_install_lib.py'
DEBUG adding 'setuptools/_distutils/tests/test_install_scripts.py'
DEBUG adding 'setuptools/_distutils/tests/test_log.py'
DEBUG adding 'setuptools/_distutils/tests/test_modified.py'
DEBUG adding 'setuptools/_distutils/tests/test_sdist.py'
DEBUG adding 'setuptools/_distutils/tests/test_spawn.py'
DEBUG adding 'setuptools/_distutils/tests/test_sysconfig.py'
DEBUG adding 'setuptools/_distutils/tests/test_text_file.py'
DEBUG adding 'setuptools/_distutils/tests/test_util.py'
DEBUG adding 'setuptools/_distutils/tests/test_version.py'
DEBUG adding 'setuptools/_distutils/tests/test_versionpredicate.py'
DEBUG adding 'setuptools/_distutils/tests/unix_compat.py'
DEBUG adding 'setuptools/_distutils/tests/compat/__init__.py'
DEBUG adding 'setuptools/_distutils/tests/compat/py39.py'
DEBUG adding 'setuptools/_vendor/.lock'
DEBUG adding 'setuptools/_vendor/autocommand/__init__.py'
DEBUG adding 'setuptools/_vendor/autocommand/autoasync.py'
DEBUG adding 'setuptools/_vendor/autocommand/autocommand.py'
DEBUG adding 'setuptools/_vendor/autocommand/automain.py'
DEBUG adding 'setuptools/_vendor/autocommand/autoparse.py'
DEBUG adding 'setuptools/_vendor/autocommand/errors.py'
DEBUG adding 'setuptools/_vendor/backports/__init__.py'
DEBUG adding 'setuptools/_vendor/backports/tarfile/__init__.py'
DEBUG adding 'setuptools/_vendor/backports/tarfile/__main__.py'
DEBUG adding 'setuptools/_vendor/backports/tarfile/compat/__init__.py'
DEBUG adding 'setuptools/_vendor/backports/tarfile/compat/py38.py'
DEBUG adding 'setuptools/_vendor/importlib_metadata/__init__.py'
DEBUG adding 'setuptools/_vendor/importlib_metadata/_adapters.py'
DEBUG adding 'setuptools/_vendor/importlib_metadata/_collections.py'
DEBUG adding 'setuptools/_vendor/importlib_metadata/_compat.py'
DEBUG adding 'setuptools/_vendor/importlib_metadata/_functools.py'
DEBUG adding 'setuptools/_vendor/importlib_metadata/_itertools.py'
DEBUG adding 'setuptools/_vendor/importlib_metadata/_meta.py'
DEBUG adding 'setuptools/_vendor/importlib_metadata/_text.py'
DEBUG adding 'setuptools/_vendor/importlib_metadata/_typing.py'
DEBUG adding 'setuptools/_vendor/importlib_metadata/diagnose.py'
DEBUG adding 'setuptools/_vendor/importlib_metadata/py.typed'
DEBUG adding 'setuptools/_vendor/importlib_metadata/compat/__init__.py'
DEBUG adding 'setuptools/_vendor/importlib_metadata/compat/py311.py'
DEBUG adding 'setuptools/_vendor/importlib_metadata/compat/py39.py'
DEBUG adding 'setuptools/_vendor/importlib_metadata-8.7.1.dist-info/licenses/LICENSE'
DEBUG adding 'setuptools/_vendor/jaraco/context/__init__.py'
DEBUG adding 'setuptools/_vendor/jaraco/context/py.typed'
DEBUG adding 'setuptools/_vendor/jaraco/functools/__init__.py'
DEBUG adding 'setuptools/_vendor/jaraco/functools/__init__.pyi'
DEBUG adding 'setuptools/_vendor/jaraco/functools/py.typed'
DEBUG adding 'setuptools/_vendor/jaraco/text/Lorem ipsum.txt'
DEBUG adding 'setuptools/_vendor/jaraco/text/__init__.py'
DEBUG adding 'setuptools/_vendor/jaraco/text/layouts.py'
DEBUG adding 'setuptools/_vendor/jaraco/text/show-newlines.py'
DEBUG adding 'setuptools/_vendor/jaraco/text/strip-prefix.py'
DEBUG adding 'setuptools/_vendor/jaraco/text/to-dvorak.py'
DEBUG adding 'setuptools/_vendor/jaraco/text/to-qwerty.py'
DEBUG adding 'setuptools/_vendor/jaraco_context-6.1.0.dist-info/licenses/LICENSE'
DEBUG adding 'setuptools/_vendor/jaraco_functools-4.4.0.dist-info/licenses/LICENSE'
DEBUG adding 'setuptools/_vendor/more_itertools/__init__.py'
DEBUG adding 'setuptools/_vendor/more_itertools/__init__.pyi'
DEBUG adding 'setuptools/_vendor/more_itertools/more.py'
DEBUG adding 'setuptools/_vendor/more_itertools/more.pyi'
DEBUG adding 'setuptools/_vendor/more_itertools/py.typed'
DEBUG adding 'setuptools/_vendor/more_itertools/recipes.py'
DEBUG adding 'setuptools/_vendor/more_itertools/recipes.pyi'
DEBUG adding 'setuptools/_vendor/more_itertools-10.8.0.dist-info/licenses/LICENSE'
DEBUG adding 'setuptools/_vendor/packaging/__init__.py'
DEBUG adding 'setuptools/_vendor/packaging/_elffile.py'
DEBUG adding 'setuptools/_vendor/packaging/_manylinux.py'
DEBUG adding 'setuptools/_vendor/packaging/_musllinux.py'
DEBUG adding 'setuptools/_vendor/packaging/_parser.py'
DEBUG adding 'setuptools/_vendor/packaging/_structures.py'
DEBUG adding 'setuptools/_vendor/packaging/_tokenizer.py'
DEBUG adding 'setuptools/_vendor/packaging/markers.py'
DEBUG adding 'setuptools/_vendor/packaging/metadata.py'
DEBUG adding 'setuptools/_vendor/packaging/py.typed'
DEBUG adding 'setuptools/_vendor/packaging/pylock.py'
DEBUG adding 'setuptools/_vendor/packaging/requirements.py'
DEBUG adding 'setuptools/_vendor/packaging/specifiers.py'
DEBUG adding 'setuptools/_vendor/packaging/tags.py'
DEBUG adding 'setuptools/_vendor/packaging/utils.py'
DEBUG adding 'setuptools/_vendor/packaging/version.py'
DEBUG adding 'setuptools/_vendor/packaging/licenses/__init__.py'
DEBUG adding 'setuptools/_vendor/packaging/licenses/_spdx.py'
DEBUG adding 'setuptools/_vendor/packaging-26.0.dist-info/licenses/LICENSE'
DEBUG adding 'setuptools/_vendor/packaging-26.0.dist-info/licenses/LICENSE.APACHE'
DEBUG adding 'setuptools/_vendor/packaging-26.0.dist-info/licenses/LICENSE.BSD'
DEBUG adding 'setuptools/_vendor/platformdirs/__init__.py'
DEBUG adding 'setuptools/_vendor/platformdirs/__main__.py'
DEBUG adding 'setuptools/_vendor/platformdirs/android.py'
DEBUG adding 'setuptools/_vendor/platformdirs/api.py'
DEBUG adding 'setuptools/_vendor/platformdirs/macos.py'
DEBUG adding 'setuptools/_vendor/platformdirs/py.typed'
DEBUG adding 'setuptools/_vendor/platformdirs/unix.py'
DEBUG adding 'setuptools/_vendor/platformdirs/version.py'
DEBUG adding 'setuptools/_vendor/platformdirs/windows.py'
DEBUG adding 'setuptools/_vendor/platformdirs-4.4.0.dist-info/licenses/LICENSE'
DEBUG adding 'setuptools/_vendor/tomli/__init__.py'
DEBUG adding 'setuptools/_vendor/tomli/_parser.py'
DEBUG adding 'setuptools/_vendor/tomli/_re.py'
DEBUG adding 'setuptools/_vendor/tomli/_types.py'
DEBUG adding 'setuptools/_vendor/tomli/py.typed'
DEBUG adding 'setuptools/_vendor/tomli-2.4.0.dist-info/licenses/LICENSE'
DEBUG adding 'setuptools/_vendor/wheel/__init__.py'
DEBUG adding 'setuptools/_vendor/wheel/__main__.py'
DEBUG adding 'setuptools/_vendor/wheel/_bdist_wheel.py'
DEBUG adding 'setuptools/_vendor/wheel/_metadata.py'
DEBUG adding 'setuptools/_vendor/wheel/_setuptools_logging.py'
DEBUG adding 'setuptools/_vendor/wheel/bdist_wheel.py'
DEBUG adding 'setuptools/_vendor/wheel/macosx_libfile.py'
DEBUG adding 'setuptools/_vendor/wheel/metadata.py'
DEBUG adding 'setuptools/_vendor/wheel/wheelfile.py'
DEBUG adding 'setuptools/_vendor/wheel/_commands/__init__.py'
DEBUG adding 'setuptools/_vendor/wheel/_commands/convert.py'
DEBUG adding 'setuptools/_vendor/wheel/_commands/pack.py'
DEBUG adding 'setuptools/_vendor/wheel/_commands/tags.py'
DEBUG adding 'setuptools/_vendor/wheel/_commands/unpack.py'
DEBUG adding 'setuptools/_vendor/wheel-0.46.3.dist-info/licenses/LICENSE.txt'
DEBUG adding 'setuptools/_vendor/zipp/__init__.py'
DEBUG adding 'setuptools/_vendor/zipp/_functools.py'
DEBUG adding 'setuptools/_vendor/zipp/glob.py'
DEBUG adding 'setuptools/_vendor/zipp/compat/__init__.py'
DEBUG adding 'setuptools/_vendor/zipp/compat/overlay.py'
DEBUG adding 'setuptools/_vendor/zipp/compat/py310.py'
DEBUG adding 'setuptools/_vendor/zipp/compat/py313.py'
DEBUG adding 'setuptools/_vendor/zipp-3.23.0.dist-info/licenses/LICENSE'
DEBUG adding 'setuptools/command/__init__.py'
DEBUG adding 'setuptools/command/_requirestxt.py'
DEBUG adding 'setuptools/command/alias.py'
DEBUG adding 'setuptools/command/bdist_egg.py'
DEBUG adding 'setuptools/command/bdist_rpm.py'
DEBUG adding 'setuptools/command/bdist_wheel.py'
DEBUG adding 'setuptools/command/build.py'
DEBUG adding 'setuptools/command/build_clib.py'
DEBUG adding 'setuptools/command/build_ext.py'
DEBUG adding 'setuptools/command/build_py.py'
DEBUG adding 'setuptools/command/develop.py'
DEBUG adding 'setuptools/command/dist_info.py'
DEBUG adding 'setuptools/command/easy_install.py'
DEBUG adding 'setuptools/command/editable_wheel.py'
DEBUG adding 'setuptools/command/egg_info.py'
DEBUG adding 'setuptools/command/install.py'
DEBUG adding 'setuptools/command/install_egg_info.py'
DEBUG adding 'setuptools/command/install_lib.py'
DEBUG adding 'setuptools/command/install_scripts.py'
DEBUG adding 'setuptools/command/rotate.py'
DEBUG adding 'setuptools/command/saveopts.py'
DEBUG adding 'setuptools/command/sdist.py'
DEBUG adding 'setuptools/command/setopt.py'
DEBUG adding 'setuptools/command/test.py'
DEBUG adding 'setuptools/compat/__init__.py'
DEBUG adding 'setuptools/compat/py310.py'
DEBUG adding 'setuptools/compat/py311.py'
DEBUG adding 'setuptools/compat/py312.py'
DEBUG adding 'setuptools/compat/py39.py'
DEBUG adding 'setuptools/config/NOTICE'
DEBUG adding 'setuptools/config/__init__.py'
DEBUG adding 'setuptools/config/_apply_pyprojecttoml.py'
DEBUG adding 'setuptools/config/distutils.schema.json'
DEBUG adding 'setuptools/config/expand.py'
DEBUG adding 'setuptools/config/pyprojecttoml.py'
DEBUG adding 'setuptools/config/setupcfg.py'
DEBUG adding 'setuptools/config/setuptools.schema.json'
DEBUG adding 'setuptools/config/_validate_pyproject/NOTICE'
DEBUG adding 'setuptools/config/_validate_pyproject/__init__.py'
DEBUG adding 'setuptools/config/_validate_pyproject/error_reporting.py'
DEBUG adding 'setuptools/config/_validate_pyproject/extra_validations.py'
DEBUG adding 'setuptools/config/_validate_pyproject/fastjsonschema_exceptions.py'
DEBUG adding 'setuptools/config/_validate_pyproject/fastjsonschema_validations.py'
DEBUG adding 'setuptools/config/_validate_pyproject/formats.py'
DEBUG adding 'setuptools/tests/__init__.py'
DEBUG adding 'setuptools/tests/contexts.py'
DEBUG adding 'setuptools/tests/environment.py'
DEBUG adding 'setuptools/tests/fixtures.py'
DEBUG adding 'setuptools/tests/mod_with_constant.py'
DEBUG adding 'setuptools/tests/namespaces.py'
DEBUG adding 'setuptools/tests/script-with-bom.py'
DEBUG adding 'setuptools/tests/test_archive_util.py'
DEBUG adding 'setuptools/tests/test_bdist_deprecations.py'
DEBUG adding 'setuptools/tests/test_bdist_egg.py'
DEBUG adding 'setuptools/tests/test_bdist_wheel.py'
DEBUG adding 'setuptools/tests/test_build.py'
DEBUG adding 'setuptools/tests/test_build_clib.py'
DEBUG adding 'setuptools/tests/test_build_ext.py'
DEBUG adding 'setuptools/tests/test_build_meta.py'
DEBUG adding 'setuptools/tests/test_build_py.py'
DEBUG adding 'setuptools/tests/test_config_discovery.py'
DEBUG adding 'setuptools/tests/test_core_metadata.py'
DEBUG adding 'setuptools/tests/test_depends.py'
DEBUG adding 'setuptools/tests/test_develop.py'
DEBUG adding 'setuptools/tests/test_dist.py'
DEBUG adding 'setuptools/tests/test_dist_info.py'
DEBUG adding 'setuptools/tests/test_distutils_adoption.py'
DEBUG adding 'setuptools/tests/test_editable_install.py'
DEBUG adding 'setuptools/tests/test_egg_info.py'
DEBUG adding 'setuptools/tests/test_extern.py'
DEBUG adding 'setuptools/tests/test_find_packages.py'
DEBUG adding 'setuptools/tests/test_find_py_modules.py'
DEBUG adding 'setuptools/tests/test_glob.py'
DEBUG adding 'setuptools/tests/test_install_scripts.py'
DEBUG adding 'setuptools/tests/test_logging.py'
DEBUG adding 'setuptools/tests/test_manifest.py'
DEBUG adding 'setuptools/tests/test_namespaces.py'
DEBUG adding 'setuptools/tests/test_scripts.py'
DEBUG adding 'setuptools/tests/test_sdist.py'
DEBUG adding 'setuptools/tests/test_setopt.py'
DEBUG adding 'setuptools/tests/test_setuptools.py'
DEBUG adding 'setuptools/tests/test_shutil_wrapper.py'
DEBUG adding 'setuptools/tests/test_unicode_utils.py'
DEBUG adding 'setuptools/tests/test_virtualenv.py'
DEBUG adding 'setuptools/tests/test_warnings.py'
DEBUG adding 'setuptools/tests/test_wheel.py'
DEBUG adding 'setuptools/tests/test_windows_wrappers.py'
DEBUG adding 'setuptools/tests/text.py'
DEBUG adding 'setuptools/tests/textwrap.py'
DEBUG adding 'setuptools/tests/compat/__init__.py'
DEBUG adding 'setuptools/tests/compat/py39.py'
DEBUG adding 'setuptools/tests/config/__init__.py'
DEBUG adding 'setuptools/tests/config/setupcfg_examples.txt'
DEBUG adding 'setuptools/tests/config/test_apply_pyprojecttoml.py'
DEBUG adding 'setuptools/tests/config/test_expand.py'
DEBUG adding 'setuptools/tests/config/test_pyprojecttoml.py'
DEBUG adding 'setuptools/tests/config/test_pyprojecttoml_dynamic_deps.py'
DEBUG adding 'setuptools/tests/config/test_setupcfg.py'
DEBUG adding 'setuptools/tests/config/downloads/__init__.py'
DEBUG adding 'setuptools/tests/config/downloads/preload.py'
DEBUG adding 'setuptools/tests/indexes/test_links_priority/external.html'
DEBUG adding 'setuptools/tests/indexes/test_links_priority/simple/foobar/index.html'
DEBUG adding 'setuptools/tests/integration/__init__.py'
DEBUG adding 'setuptools/tests/integration/helpers.py'
DEBUG adding 'setuptools/tests/integration/test_pbr.py'
DEBUG adding 'setuptools/tests/integration/test_pip_install_sdist.py'
DEBUG adding 'setuptools-82.0.1.dist-info/licenses/LICENSE'
DEBUG adding 'setuptools-82.0.1.dist-info/METADATA'
DEBUG adding 'setuptools-82.0.1.dist-info/WHEEL'
DEBUG adding 'setuptools-82.0.1.dist-info/entry_points.txt'
DEBUG adding 'setuptools-82.0.1.dist-info/top_level.txt'
DEBUG adding 'setuptools/_vendor/autocommand-2.2.2.dist-info/INSTALLER'
DEBUG adding 'setuptools/_vendor/autocommand-2.2.2.dist-info/LICENSE'
DEBUG adding 'setuptools/_vendor/autocommand-2.2.2.dist-info/METADATA'
DEBUG adding 'setuptools/_vendor/autocommand-2.2.2.dist-info/RECORD'
DEBUG adding 'setuptools/_vendor/autocommand-2.2.2.dist-info/REQUESTED'
DEBUG adding 'setuptools/_vendor/autocommand-2.2.2.dist-info/WHEEL'
DEBUG adding 'setuptools/_vendor/autocommand-2.2.2.dist-info/top_level.txt'
DEBUG adding 'setuptools/_vendor/backports.tarfile-1.2.0.dist-info/INSTALLER'
DEBUG adding 'setuptools/_vendor/backports.tarfile-1.2.0.dist-info/LICENSE'
DEBUG adding 'setuptools/_vendor/backports.tarfile-1.2.0.dist-info/METADATA'
DEBUG adding 'setuptools/_vendor/backports.tarfile-1.2.0.dist-info/RECORD'
DEBUG adding 'setuptools/_vendor/backports.tarfile-1.2.0.dist-info/REQUESTED'
DEBUG adding 'setuptools/_vendor/backports.tarfile-1.2.0.dist-info/WHEEL'
DEBUG adding 'setuptools/_vendor/backports.tarfile-1.2.0.dist-info/top_level.txt'
DEBUG adding 'setuptools/_vendor/importlib_metadata-8.7.1.dist-info/INSTALLER'
DEBUG adding 'setuptools/_vendor/importlib_metadata-8.7.1.dist-info/METADATA'
DEBUG adding 'setuptools/_vendor/importlib_metadata-8.7.1.dist-info/RECORD'
DEBUG adding 'setuptools/_vendor/importlib_metadata-8.7.1.dist-info/REQUESTED'
DEBUG adding 'setuptools/_vendor/importlib_metadata-8.7.1.dist-info/WHEEL'
DEBUG adding 'setuptools/_vendor/importlib_metadata-8.7.1.dist-info/top_level.txt'
DEBUG adding 'setuptools/_vendor/jaraco.text-4.0.0.dist-info/INSTALLER'
DEBUG adding 'setuptools/_vendor/jaraco.text-4.0.0.dist-info/LICENSE'
DEBUG adding 'setuptools/_vendor/jaraco.text-4.0.0.dist-info/METADATA'
DEBUG adding 'setuptools/_vendor/jaraco.text-4.0.0.dist-info/RECORD'
DEBUG adding 'setuptools/_vendor/jaraco.text-4.0.0.dist-info/REQUESTED'
DEBUG adding 'setuptools/_vendor/jaraco.text-4.0.0.dist-info/WHEEL'
DEBUG adding 'setuptools/_vendor/jaraco.text-4.0.0.dist-info/top_level.txt'
DEBUG adding 'setuptools/_vendor/jaraco_context-6.1.0.dist-info/INSTALLER'
DEBUG adding 'setuptools/_vendor/jaraco_context-6.1.0.dist-info/METADATA'
DEBUG adding 'setuptools/_vendor/jaraco_context-6.1.0.dist-info/RECORD'
DEBUG adding 'setuptools/_vendor/jaraco_context-6.1.0.dist-info/REQUESTED'
DEBUG adding 'setuptools/_vendor/jaraco_context-6.1.0.dist-info/WHEEL'
DEBUG adding 'setuptools/_vendor/jaraco_context-6.1.0.dist-info/top_level.txt'
DEBUG adding 'setuptools/_vendor/jaraco_functools-4.4.0.dist-info/INSTALLER'
DEBUG adding 'setuptools/_vendor/jaraco_functools-4.4.0.dist-info/METADATA'
DEBUG adding 'setuptools/_vendor/jaraco_functools-4.4.0.dist-info/RECORD'
DEBUG adding 'setuptools/_vendor/jaraco_functools-4.4.0.dist-info/REQUESTED'
DEBUG adding 'setuptools/_vendor/jaraco_functools-4.4.0.dist-info/WHEEL'
DEBUG adding 'setuptools/_vendor/jaraco_functools-4.4.0.dist-info/top_level.txt'
DEBUG adding 'setuptools/_vendor/more_itertools-10.8.0.dist-info/INSTALLER'
DEBUG adding 'setuptools/_vendor/more_itertools-10.8.0.dist-info/METADATA'
DEBUG adding 'setuptools/_vendor/more_itertools-10.8.0.dist-info/RECORD'
DEBUG adding 'setuptools/_vendor/more_itertools-10.8.0.dist-info/REQUESTED'
DEBUG adding 'setuptools/_vendor/more_itertools-10.8.0.dist-info/WHEEL'
DEBUG adding 'setuptools/_vendor/packaging-26.0.dist-info/INSTALLER'
DEBUG adding 'setuptools/_vendor/packaging-26.0.dist-info/METADATA'
DEBUG adding 'setuptools/_vendor/packaging-26.0.dist-info/RECORD'
DEBUG adding 'setuptools/_vendor/packaging-26.0.dist-info/REQUESTED'
DEBUG adding 'setuptools/_vendor/packaging-26.0.dist-info/WHEEL'
DEBUG adding 'setuptools/_vendor/platformdirs-4.4.0.dist-info/INSTALLER'
DEBUG adding 'setuptools/_vendor/platformdirs-4.4.0.dist-info/METADATA'
DEBUG adding 'setuptools/_vendor/platformdirs-4.4.0.dist-info/RECORD'
DEBUG adding 'setuptools/_vendor/platformdirs-4.4.0.dist-info/REQUESTED'
DEBUG adding 'setuptools/_vendor/platformdirs-4.4.0.dist-info/WHEEL'
DEBUG adding 'setuptools/_vendor/tomli-2.4.0.dist-info/INSTALLER'
DEBUG adding 'setuptools/_vendor/tomli-2.4.0.dist-info/METADATA'
DEBUG adding 'setuptools/_vendor/tomli-2.4.0.dist-info/RECORD'
DEBUG adding 'setuptools/_vendor/tomli-2.4.0.dist-info/REQUESTED'
DEBUG adding 'setuptools/_vendor/tomli-2.4.0.dist-info/WHEEL'
DEBUG adding 'setuptools/_vendor/wheel-0.46.3.dist-info/INSTALLER'
DEBUG adding 'setuptools/_vendor/wheel-0.46.3.dist-info/METADATA'
DEBUG adding 'setuptools/_vendor/wheel-0.46.3.dist-info/RECORD'
DEBUG adding 'setuptools/_vendor/wheel-0.46.3.dist-info/REQUESTED'
DEBUG adding 'setuptools/_vendor/wheel-0.46.3.dist-info/WHEEL'
DEBUG adding 'setuptools/_vendor/wheel-0.46.3.dist-info/entry_points.txt'
DEBUG adding 'setuptools/_vendor/zipp-3.23.0.dist-info/INSTALLER'
DEBUG adding 'setuptools/_vendor/zipp-3.23.0.dist-info/METADATA'
DEBUG adding 'setuptools/_vendor/zipp-3.23.0.dist-info/RECORD'
DEBUG adding 'setuptools/_vendor/zipp-3.23.0.dist-info/REQUESTED'
DEBUG adding 'setuptools/_vendor/zipp-3.23.0.dist-info/WHEEL'
DEBUG adding 'setuptools/_vendor/zipp-3.23.0.dist-info/top_level.txt'
DEBUG adding 'setuptools-82.0.1.dist-info/RECORD'
DEBUG removing build/bdist.linux-x86_64/wheel
DEBUG Built `setuptools==82.0.1` into `setuptools-82.0.1-py3-none-any.whl`
DEBUG Installing build requirement: setuptools==82.0.1
DEBUG Installing build requirements: packaging==26.2, setuptools==82.0.1
DEBUG Failed to reflink `/root/.cache/uv/archive-v0/hlAzZ3vvypNfa7vlIdgbx/packaging/_musllinux.py` to `/root/.cache/uv/builds-v0/.tmploRx6F/lib/python3.12/site-packages/packaging/_musllinux.py`: Not supported (os error 95), falling back
DEBUG Failed to reflink `/root/.cache/uv/archive-v0/vt8tPxWVQ3nUb2hPqoqLz/distutils-precedence.pth` to `/root/.cache/uv/builds-v0/.tmploRx6F/lib/python3.12/site-packages/distutils-precedence.pth`: Not supported (os error 95), falling back
DEBUG Failed to reflink `/root/.cache/uv/archive-v0/vt8tPxWVQ3nUb2hPqoqLz/distutils-precedence.pth` to `/root/.cache/uv/builds-v0/.tmpXs2szX/lib/python3.12/site-packages/distutils-precedence.pth`: Not supported (os error 95), falling back
DEBUG Creating PEP 517 build environment
DEBUG Calling `setuptools.build_meta.get_requires_for_build_wheel()`
DEBUG Creating PEP 517 build environment
DEBUG Calling `setuptools.build_meta.get_requires_for_build_wheel()`
DEBUG /root/.cache/uv/sdists-v9/index/c1a7fe1c52a1eb11/vcs-versioning/1.1.1/ePUS7RkyZV0QjVuvH9jhB/src/src/vcs_versioning/overrides.py:639: UserWarning: No GlobalOverrides context is active. Auto-creating one with SETUPTOOLS_SCM prefix for backwards compatibility. Consider using 'with GlobalOverrides.from_env("YOUR_TOOL"):' explicitly.
DEBUG   return get_active_overrides().source_epoch_or_utc_now()
DEBUG running egg_info
DEBUG writing src/calver.egg-info/PKG-INFO
DEBUG writing dependency_links to src/calver.egg-info/dependency_links.txt
DEBUG writing entry points to src/calver.egg-info/entry_points.txt
DEBUG writing top-level names to src/calver.egg-info/top_level.txt
DEBUG reading manifest file 'src/calver.egg-info/SOURCES.txt'
DEBUG reading manifest template 'MANIFEST.in'
DEBUG adding license file 'LICENSE'
DEBUG writing manifest file 'src/calver.egg-info/SOURCES.txt'
DEBUG No workspace root found, using project root
DEBUG Locking the source tree for setuptools
DEBUG Calling `setuptools.build_meta.build_wheel("/root/.cache/uv/builds-v0/.tmpBPsUvk", {}, None)`
DEBUG running egg_info
DEBUG writing src/vcs_versioning.egg-info/PKG-INFO
DEBUG writing dependency_links to src/vcs_versioning.egg-info/dependency_links.txt
DEBUG writing entry points to src/vcs_versioning.egg-info/entry_points.txt
DEBUG writing requirements to src/vcs_versioning.egg-info/requires.txt
DEBUG writing top-level names to src/vcs_versioning.egg-info/top_level.txt
DEBUG reading manifest file 'src/vcs_versioning.egg-info/SOURCES.txt'
DEBUG reading manifest template 'MANIFEST.in'
DEBUG warning: no previously-included files found matching '*.nix'
DEBUG warning: no previously-included files found matching '.pre-commit-config.yaml'
DEBUG warning: no previously-included files found matching 'changelog.d/*'
DEBUG warning: no previously-included files found matching '.git_archival.txt'
DEBUG warning: no previously-included files found matching '.readthedocs.yaml'
DEBUG no previously-included directories found matching '.cursor'
DEBUG adding license file 'LICENSE.txt'
DEBUG writing manifest file 'src/vcs_versioning.egg-info/SOURCES.txt'
DEBUG No workspace root found, using project root
DEBUG Locking the source tree for setuptools
DEBUG Calling `setuptools.build_meta.build_wheel("/root/.cache/uv/builds-v0/.tmpJImhV3", {}, None)`
DEBUG running bdist_wheel
DEBUG running build
DEBUG running build_py
DEBUG creating build/lib/calver
DEBUG copying src/calver/__init__.py -> build/lib/calver
DEBUG copying src/calver/integration.py -> build/lib/calver
DEBUG running egg_info
DEBUG writing src/calver.egg-info/PKG-INFO
DEBUG writing dependency_links to src/calver.egg-info/dependency_links.txt
DEBUG writing entry points to src/calver.egg-info/entry_points.txt
DEBUG writing top-level names to src/calver.egg-info/top_level.txt
DEBUG reading manifest file 'src/calver.egg-info/SOURCES.txt'
DEBUG reading manifest template 'MANIFEST.in'
DEBUG adding license file 'LICENSE'
DEBUG writing manifest file 'src/calver.egg-info/SOURCES.txt'
DEBUG installing to build/bdist.linux-x86_64/wheel
DEBUG running install
DEBUG running install_lib
DEBUG creating build/bdist.linux-x86_64/wheel
DEBUG creating build/bdist.linux-x86_64/wheel/calver
DEBUG copying build/lib/calver/__init__.py -> build/bdist.linux-x86_64/wheel/./calver
DEBUG copying build/lib/calver/integration.py -> build/bdist.linux-x86_64/wheel/./calver
DEBUG running install_egg_info
DEBUG /root/.cache/uv/sdists-v9/index/c1a7fe1c52a1eb11/vcs-versioning/1.1.1/ePUS7RkyZV0QjVuvH9jhB/src/src/vcs_versioning/overrides.py:639: UserWarning: No GlobalOverrides context is active. Auto-creating one with SETUPTOOLS_SCM prefix for backwards compatibility. Consider using 'with GlobalOverrides.from_env("YOUR_TOOL"):' explicitly.
DEBUG   return get_active_overrides().source_epoch_or_utc_now()
DEBUG Copying src/calver.egg-info to build/bdist.linux-x86_64/wheel/./calver-2025.10.20-py3.12.egg-info
DEBUG running install_scripts
DEBUG creating build/bdist.linux-x86_64/wheel/calver-2025.10.20.dist-info/WHEEL
DEBUG creating '/root/.cache/uv/builds-v0/.tmpBPsUvk/.tmp-amvpeei5/calver-2025.10.20-py3-none-any.whl' and adding 'build/bdist.linux-x86_64/wheel' to it
DEBUG adding 'calver/__init__.py'
DEBUG adding 'calver/integration.py'
DEBUG adding 'calver-2025.10.20.dist-info/licenses/LICENSE'
DEBUG adding 'calver-2025.10.20.dist-info/METADATA'
DEBUG adding 'calver-2025.10.20.dist-info/WHEEL'
DEBUG adding 'calver-2025.10.20.dist-info/entry_points.txt'
DEBUG adding 'calver-2025.10.20.dist-info/top_level.txt'
DEBUG adding 'calver-2025.10.20.dist-info/RECORD'
DEBUG removing build/bdist.linux-x86_64/wheel
DEBUG running bdist_wheel
DEBUG Built `calver==2025.10.20` into `calver-2025.10.20-py3-none-any.whl`
DEBUG Installing build requirements: setuptools==82.0.1, calver==2025.10.20
DEBUG Failed to reflink `/root/.cache/uv/archive-v0/RC3lKJSeAhQSeGJ9AV6_T/calver/__init__.py` to `/root/.cache/uv/builds-v0/.tmpIxYJkH/lib/python3.12/site-packages/calver/__init__.py`: Not supported (os error 95), falling back
DEBUG Failed to reflink `/root/.cache/uv/archive-v0/vt8tPxWVQ3nUb2hPqoqLz/distutils-precedence.pth` to `/root/.cache/uv/builds-v0/.tmpIxYJkH/lib/python3.12/site-packages/distutils-precedence.pth`: Not supported (os error 95), falling back
DEBUG running build
DEBUG running build_py
DEBUG creating build/lib/vcs_versioning
DEBUG copying src/vcs_versioning/_toml.py -> build/lib/vcs_versioning
DEBUG copying src/vcs_versioning/_config.py -> build/lib/vcs_versioning
DEBUG copying src/vcs_versioning/_discover.py -> build/lib/vcs_versioning
DEBUG copying src/vcs_versioning/_dump_version.py -> build/lib/vcs_versioning
DEBUG copying src/vcs_versioning/_integrator_helpers.py -> build/lib/vcs_versioning
DEBUG copying src/vcs_versioning/_requirement_cls.py -> build/lib/vcs_versioning
DEBUG copying src/vcs_versioning/_version_inference.py -> build/lib/vcs_versioning
DEBUG copying src/vcs_versioning/_version_cls.py -> build/lib/vcs_versioning
DEBUG copying src/vcs_versioning/_node_utils.py -> build/lib/vcs_versioning
DEBUG copying src/vcs_versioning/test_api.py -> build/lib/vcs_versioning
DEBUG copying src/vcs_versioning/_integration.py -> build/lib/vcs_versioning
DEBUG copying src/vcs_versioning/_compat.py -> build/lib/vcs_versioning
DEBUG copying src/vcs_versioning/_modify_version.py -> build/lib/vcs_versioning
DEBUG copying src/vcs_versioning/__init__.py -> build/lib/vcs_versioning
DEBUG copying src/vcs_versioning/_exceptions.py -> build/lib/vcs_versioning
DEBUG copying src/vcs_versioning/_pyproject_reading.py -> build/lib/vcs_versioning
DEBUG copying src/vcs_versioning/_log.py -> build/lib/vcs_versioning
DEBUG copying src/vcs_versioning/_test_utils.py -> build/lib/vcs_versioning
DEBUG copying src/vcs_versioning/_run_cmd.py -> build/lib/vcs_versioning
DEBUG copying src/vcs_versioning/_entrypoints.py -> build/lib/vcs_versioning
DEBUG copying src/vcs_versioning/_types.py -> build/lib/vcs_versioning
DEBUG copying src/vcs_versioning/_scm_version.py -> build/lib/vcs_versioning
DEBUG copying src/vcs_versioning/__main__.py -> build/lib/vcs_versioning
DEBUG copying src/vcs_versioning/_overrides.py -> build/lib/vcs_versioning
DEBUG copying src/vcs_versioning/_get_version_impl.py -> build/lib/vcs_versioning
DEBUG copying src/vcs_versioning/_fallbacks.py -> build/lib/vcs_versioning
DEBUG copying src/vcs_versioning/overrides.py -> build/lib/vcs_versioning
DEBUG creating build/lib/vcs_versioning/_cli
DEBUG copying src/vcs_versioning/_cli/_args.py -> build/lib/vcs_versioning/_cli
DEBUG copying src/vcs_versioning/_cli/__init__.py -> build/lib/vcs_versioning/_cli
DEBUG creating build/lib/vcs_versioning/_backends
DEBUG copying src/vcs_versioning/_backends/_git.py -> build/lib/vcs_versioning/_backends
DEBUG copying src/vcs_versioning/_backends/__init__.py -> build/lib/vcs_versioning/_backends
DEBUG copying src/vcs_versioning/_backends/_hg_git.py -> build/lib/vcs_versioning/_backends
DEBUG copying src/vcs_versioning/_backends/_hg.py -> build/lib/vcs_versioning/_backends
DEBUG copying src/vcs_versioning/_backends/_scm_workdir.py -> build/lib/vcs_versioning/_backends
DEBUG creating build/lib/vcs_versioning/_version_schemes
DEBUG copying src/vcs_versioning/_version_schemes/_towncrier.py -> build/lib/vcs_versioning/_version_schemes
DEBUG copying src/vcs_versioning/_version_schemes/__init__.py -> build/lib/vcs_versioning/_version_schemes
DEBUG copying src/vcs_versioning/_version_schemes/_standard.py -> build/lib/vcs_versioning/_version_schemes
DEBUG copying src/vcs_versioning/_version_schemes/_common.py -> build/lib/vcs_versioning/_version_schemes
DEBUG creating build/lib/vcs_versioning/_file_finders
DEBUG copying src/vcs_versioning/_file_finders/_git.py -> build/lib/vcs_versioning/_file_finders
DEBUG copying src/vcs_versioning/_file_finders/__init__.py -> build/lib/vcs_versioning/_file_finders
DEBUG copying src/vcs_versioning/_file_finders/_hg.py -> build/lib/vcs_versioning/_file_finders
DEBUG running egg_info
DEBUG writing src/vcs_versioning.egg-info/PKG-INFO
DEBUG writing dependency_links to src/vcs_versioning.egg-info/dependency_links.txt
DEBUG writing entry points to src/vcs_versioning.egg-info/entry_points.txt
DEBUG writing requirements to src/vcs_versioning.egg-info/requires.txt
DEBUG writing top-level names to src/vcs_versioning.egg-info/top_level.txt
DEBUG reading manifest file 'src/vcs_versioning.egg-info/SOURCES.txt'
DEBUG reading manifest template 'MANIFEST.in'
DEBUG warning: no previously-included files found matching '*.nix'
DEBUG warning: no previously-included files found matching '.pre-commit-config.yaml'
DEBUG warning: no previously-included files found matching 'changelog.d/*'
DEBUG warning: no previously-included files found matching '.git_archival.txt'
DEBUG warning: no previously-included files found matching '.readthedocs.yaml'
DEBUG no previously-included directories found matching '.cursor'
DEBUG adding license file 'LICENSE.txt'
DEBUG writing manifest file 'src/vcs_versioning.egg-info/SOURCES.txt'
DEBUG copying src/vcs_versioning/_cli/git_archival_full.txt -> build/lib/vcs_versioning/_cli
DEBUG copying src/vcs_versioning/_cli/git_archival_stable.txt -> build/lib/vcs_versioning/_cli
DEBUG installing to build/bdist.linux-x86_64/wheel
DEBUG running install
DEBUG Creating PEP 517 build environment
DEBUG Calling `setuptools.build_meta.get_requires_for_build_wheel()`
DEBUG running install_lib
DEBUG creating build/bdist.linux-x86_64/wheel
DEBUG creating build/bdist.linux-x86_64/wheel/vcs_versioning
DEBUG copying build/lib/vcs_versioning/_toml.py -> build/bdist.linux-x86_64/wheel/./vcs_versioning
DEBUG copying build/lib/vcs_versioning/_config.py -> build/bdist.linux-x86_64/wheel/./vcs_versioning
DEBUG copying build/lib/vcs_versioning/_discover.py -> build/bdist.linux-x86_64/wheel/./vcs_versioning
DEBUG copying build/lib/vcs_versioning/_dump_version.py -> build/bdist.linux-x86_64/wheel/./vcs_versioning
DEBUG copying build/lib/vcs_versioning/_integrator_helpers.py -> build/bdist.linux-x86_64/wheel/./vcs_versioning
DEBUG copying build/lib/vcs_versioning/_requirement_cls.py -> build/bdist.linux-x86_64/wheel/./vcs_versioning
DEBUG copying build/lib/vcs_versioning/_version_inference.py -> build/bdist.linux-x86_64/wheel/./vcs_versioning
DEBUG copying build/lib/vcs_versioning/_version_cls.py -> build/bdist.linux-x86_64/wheel/./vcs_versioning
DEBUG copying build/lib/vcs_versioning/_node_utils.py -> build/bdist.linux-x86_64/wheel/./vcs_versioning
DEBUG copying build/lib/vcs_versioning/test_api.py -> build/bdist.linux-x86_64/wheel/./vcs_versioning
DEBUG copying build/lib/vcs_versioning/_integration.py -> build/bdist.linux-x86_64/wheel/./vcs_versioning
DEBUG creating build/bdist.linux-x86_64/wheel/vcs_versioning/_cli
DEBUG copying build/lib/vcs_versioning/_cli/_args.py -> build/bdist.linux-x86_64/wheel/./vcs_versioning/_cli
DEBUG copying build/lib/vcs_versioning/_cli/git_archival_full.txt -> build/bdist.linux-x86_64/wheel/./vcs_versioning/_cli
DEBUG copying build/lib/vcs_versioning/_cli/__init__.py -> build/bdist.linux-x86_64/wheel/./vcs_versioning/_cli
DEBUG copying build/lib/vcs_versioning/_cli/git_archival_stable.txt -> build/bdist.linux-x86_64/wheel/./vcs_versioning/_cli
DEBUG copying build/lib/vcs_versioning/_compat.py -> build/bdist.linux-x86_64/wheel/./vcs_versioning
DEBUG creating build/bdist.linux-x86_64/wheel/vcs_versioning/_backends
DEBUG copying build/lib/vcs_versioning/_backends/_git.py -> build/bdist.linux-x86_64/wheel/./vcs_versioning/_backends
DEBUG copying build/lib/vcs_versioning/_backends/__init__.py -> build/bdist.linux-x86_64/wheel/./vcs_versioning/_backends
DEBUG copying build/lib/vcs_versioning/_backends/_hg_git.py -> build/bdist.linux-x86_64/wheel/./vcs_versioning/_backends
DEBUG copying build/lib/vcs_versioning/_backends/_hg.py -> build/bdist.linux-x86_64/wheel/./vcs_versioning/_backends
DEBUG copying build/lib/vcs_versioning/_backends/_scm_workdir.py -> build/bdist.linux-x86_64/wheel/./vcs_versioning/_backends
DEBUG creating build/bdist.linux-x86_64/wheel/vcs_versioning/_version_schemes
DEBUG copying build/lib/vcs_versioning/_version_schemes/_towncrier.py -> build/bdist.linux-x86_64/wheel/./vcs_versioning/_version_schemes
DEBUG copying build/lib/vcs_versioning/_version_schemes/__init__.py -> build/bdist.linux-x86_64/wheel/./vcs_versioning/_version_schemes
DEBUG copying build/lib/vcs_versioning/_version_schemes/_standard.py -> build/bdist.linux-x86_64/wheel/./vcs_versioning/_version_schemes
DEBUG copying build/lib/vcs_versioning/_version_schemes/_common.py -> build/bdist.linux-x86_64/wheel/./vcs_versioning/_version_schemes
DEBUG copying build/lib/vcs_versioning/_modify_version.py -> build/bdist.linux-x86_64/wheel/./vcs_versioning
DEBUG copying build/lib/vcs_versioning/__init__.py -> build/bdist.linux-x86_64/wheel/./vcs_versioning
DEBUG copying build/lib/vcs_versioning/_exceptions.py -> build/bdist.linux-x86_64/wheel/./vcs_versioning
DEBUG copying build/lib/vcs_versioning/_pyproject_reading.py -> build/bdist.linux-x86_64/wheel/./vcs_versioning
DEBUG copying build/lib/vcs_versioning/_log.py -> build/bdist.linux-x86_64/wheel/./vcs_versioning
DEBUG copying build/lib/vcs_versioning/_test_utils.py -> build/bdist.linux-x86_64/wheel/./vcs_versioning
DEBUG copying build/lib/vcs_versioning/_run_cmd.py -> build/bdist.linux-x86_64/wheel/./vcs_versioning
DEBUG copying build/lib/vcs_versioning/_entrypoints.py -> build/bdist.linux-x86_64/wheel/./vcs_versioning
DEBUG copying build/lib/vcs_versioning/_types.py -> build/bdist.linux-x86_64/wheel/./vcs_versioning
DEBUG copying build/lib/vcs_versioning/_scm_version.py -> build/bdist.linux-x86_64/wheel/./vcs_versioning
DEBUG copying build/lib/vcs_versioning/__main__.py -> build/bdist.linux-x86_64/wheel/./vcs_versioning
DEBUG copying build/lib/vcs_versioning/_overrides.py -> build/bdist.linux-x86_64/wheel/./vcs_versioning
DEBUG creating build/bdist.linux-x86_64/wheel/vcs_versioning/_file_finders
DEBUG copying build/lib/vcs_versioning/_file_finders/_git.py -> build/bdist.linux-x86_64/wheel/./vcs_versioning/_file_finders
DEBUG copying build/lib/vcs_versioning/_file_finders/__init__.py -> build/bdist.linux-x86_64/wheel/./vcs_versioning/_file_finders
DEBUG copying build/lib/vcs_versioning/_file_finders/_hg.py -> build/bdist.linux-x86_64/wheel/./vcs_versioning/_file_finders
DEBUG copying build/lib/vcs_versioning/_get_version_impl.py -> build/bdist.linux-x86_64/wheel/./vcs_versioning
DEBUG copying build/lib/vcs_versioning/_fallbacks.py -> build/bdist.linux-x86_64/wheel/./vcs_versioning
DEBUG copying build/lib/vcs_versioning/overrides.py -> build/bdist.linux-x86_64/wheel/./vcs_versioning
DEBUG running install_egg_info
DEBUG Copying src/vcs_versioning.egg-info to build/bdist.linux-x86_64/wheel/./vcs_versioning-1.1.1-py3.12.egg-info
DEBUG running install_scripts
DEBUG creating build/bdist.linux-x86_64/wheel/vcs_versioning-1.1.1.dist-info/WHEEL
DEBUG creating '/root/.cache/uv/builds-v0/.tmpJImhV3/.tmp-pyxiuo1a/vcs_versioning-1.1.1-py3-none-any.whl' and adding 'build/bdist.linux-x86_64/wheel' to it
DEBUG adding 'vcs_versioning/__init__.py'
DEBUG adding 'vcs_versioning/__main__.py'
DEBUG adding 'vcs_versioning/_compat.py'
DEBUG adding 'vcs_versioning/_config.py'
DEBUG adding 'vcs_versioning/_discover.py'
DEBUG adding 'vcs_versioning/_dump_version.py'
DEBUG adding 'vcs_versioning/_entrypoints.py'
DEBUG adding 'vcs_versioning/_exceptions.py'
DEBUG adding 'vcs_versioning/_fallbacks.py'
DEBUG adding 'vcs_versioning/_get_version_impl.py'
DEBUG adding 'vcs_versioning/_integration.py'
DEBUG adding 'vcs_versioning/_integrator_helpers.py'
DEBUG adding 'vcs_versioning/_log.py'
DEBUG adding 'vcs_versioning/_modify_version.py'
DEBUG adding 'vcs_versioning/_node_utils.py'
DEBUG adding 'vcs_versioning/_overrides.py'
DEBUG adding 'vcs_versioning/_pyproject_reading.py'
DEBUG adding 'vcs_versioning/_requirement_cls.py'
DEBUG adding 'vcs_versioning/_run_cmd.py'
DEBUG adding 'vcs_versioning/_scm_version.py'
DEBUG adding 'vcs_versioning/_test_utils.py'
DEBUG adding 'vcs_versioning/_toml.py'
DEBUG adding 'vcs_versioning/_types.py'
DEBUG adding 'vcs_versioning/_version_cls.py'
DEBUG adding 'vcs_versioning/_version_inference.py'
DEBUG adding 'vcs_versioning/overrides.py'
DEBUG adding 'vcs_versioning/test_api.py'
DEBUG adding 'vcs_versioning/_backends/__init__.py'
DEBUG adding 'vcs_versioning/_backends/_git.py'
DEBUG adding 'vcs_versioning/_backends/_hg.py'
DEBUG adding 'vcs_versioning/_backends/_hg_git.py'
DEBUG adding 'vcs_versioning/_backends/_scm_workdir.py'
DEBUG adding 'vcs_versioning/_cli/__init__.py'
DEBUG adding 'vcs_versioning/_cli/_args.py'
DEBUG adding 'vcs_versioning/_cli/git_archival_full.txt'
DEBUG adding 'vcs_versioning/_cli/git_archival_stable.txt'
DEBUG adding 'vcs_versioning/_file_finders/__init__.py'
DEBUG adding 'vcs_versioning/_file_finders/_git.py'
DEBUG adding 'vcs_versioning/_file_finders/_hg.py'
DEBUG adding 'vcs_versioning/_version_schemes/__init__.py'
DEBUG adding 'vcs_versioning/_version_schemes/_common.py'
DEBUG adding 'vcs_versioning/_version_schemes/_standard.py'
DEBUG adding 'vcs_versioning/_version_schemes/_towncrier.py'
DEBUG adding 'vcs_versioning-1.1.1.dist-info/licenses/LICENSE.txt'
DEBUG adding 'vcs_versioning-1.1.1.dist-info/METADATA'
DEBUG adding 'vcs_versioning-1.1.1.dist-info/WHEEL'
DEBUG adding 'vcs_versioning-1.1.1.dist-info/entry_points.txt'
DEBUG adding 'vcs_versioning-1.1.1.dist-info/top_level.txt'
DEBUG adding 'vcs_versioning-1.1.1.dist-info/RECORD'
DEBUG removing build/bdist.linux-x86_64/wheel
DEBUG Built `vcs-versioning==1.1.1` into `vcs_versioning-1.1.1-py3-none-any.whl`
DEBUG Installing build requirements: packaging==26.2, setuptools==82.0.1, vcs-versioning==1.1.1
DEBUG Failed to reflink `/root/.cache/uv/archive-v0/hlAzZ3vvypNfa7vlIdgbx/packaging/_musllinux.py` to `/root/.cache/uv/builds-v0/.tmpO0sdFP/lib/python3.12/site-packages/packaging/_musllinux.py`: Not supported (os error 95), falling back
DEBUG Failed to reflink `/root/.cache/uv/archive-v0/2Puarzm5iXyfdEfwjzsga/vcs_versioning/_toml.py` to `/root/.cache/uv/builds-v0/.tmpO0sdFP/lib/python3.12/site-packages/vcs_versioning/_toml.py`: Not supported (os error 95), falling back
DEBUG Failed to reflink `/root/.cache/uv/archive-v0/vt8tPxWVQ3nUb2hPqoqLz/distutils-precedence.pth` to `/root/.cache/uv/builds-v0/.tmpO0sdFP/lib/python3.12/site-packages/distutils-precedence.pth`: Not supported (os error 95), falling back
DEBUG Creating PEP 517 build environment
DEBUG Calling `setuptools.build_meta.get_requires_for_build_wheel()`
DEBUG Locking the source tree for setuptools
DEBUG Calling `setuptools.build_meta.build_wheel("/root/.cache/uv/builds-v0/.tmpgZxrM9", {}, None)`
DEBUG /root/.cache/uv/builds-v0/.tmpIxYJkH/lib/python3.12/site-packages/setuptools/dist.py:765: SetuptoolsDeprecationWarning: License classifiers are deprecated.
DEBUG !!
DEBUG 
DEBUG         ********************************************************************************
DEBUG         Please consider removing the following classifiers in favor of a SPDX license expression:
DEBUG 
DEBUG         License :: OSI Approved :: Apache Software License
DEBUG 
DEBUG         See https://packaging.python.org/en/latest/guides/writing-pyproject-toml/#license for details.
DEBUG         ********************************************************************************
DEBUG 
DEBUG !!
DEBUG   self._finalize_license_expression()
DEBUG running bdist_wheel
DEBUG /root/.cache/uv/sdists-v9/index/c1a7fe1c52a1eb11/setuptools-scm/10.0.5/xkjDus4jatgsdLOjxbAbo/src/src/setuptools_scm/_integration/version_inference.py:151: UserWarning: version of None already set
DEBUG   warnings.warn(f"version of {self.dist_name} already set")
DEBUG running build
DEBUG running build_py
DEBUG creating build/lib/trove_classifiers
DEBUG copying src/trove_classifiers/__init__.py -> build/lib/trove_classifiers
DEBUG copying src/trove_classifiers/__main__.py -> build/lib/trove_classifiers
DEBUG copying src/trove_classifiers/py.typed -> build/lib/trove_classifiers
DEBUG installing to build/bdist.linux-x86_64/wheel
DEBUG running install
DEBUG running install_lib
DEBUG creating build/bdist.linux-x86_64/wheel
DEBUG creating build/bdist.linux-x86_64/wheel/trove_classifiers
DEBUG copying build/lib/trove_classifiers/__init__.py -> build/bdist.linux-x86_64/wheel/./trove_classifiers
DEBUG copying build/lib/trove_classifiers/__main__.py -> build/bdist.linux-x86_64/wheel/./trove_classifiers
DEBUG copying build/lib/trove_classifiers/py.typed -> build/bdist.linux-x86_64/wheel/./trove_classifiers
DEBUG running install_egg_info
DEBUG running egg_info
DEBUG writing src/trove_classifiers.egg-info/PKG-INFO
DEBUG writing dependency_links to src/trove_classifiers.egg-info/dependency_links.txt
DEBUG writing entry points to src/trove_classifiers.egg-info/entry_points.txt
DEBUG writing top-level names to src/trove_classifiers.egg-info/top_level.txt
DEBUG reading manifest file 'src/trove_classifiers.egg-info/SOURCES.txt'
DEBUG reading manifest template 'MANIFEST.in'
DEBUG adding license file 'LICENSE'
DEBUG writing manifest file 'src/trove_classifiers.egg-info/SOURCES.txt'
DEBUG Copying src/trove_classifiers.egg-info to build/bdist.linux-x86_64/wheel/./trove_classifiers-2026.5.7.17-py3.12.egg-info
DEBUG running install_scripts
DEBUG creating build/bdist.linux-x86_64/wheel/trove_classifiers-2026.5.7.17.dist-info/WHEEL
DEBUG creating '/root/.cache/uv/builds-v0/.tmpgZxrM9/.tmp-3lwvdgly/trove_classifiers-2026.5.7.17-py3-none-any.whl' and adding 'build/bdist.linux-x86_64/wheel' to it
DEBUG adding 'trove_classifiers/__init__.py'
DEBUG adding 'trove_classifiers/__main__.py'
DEBUG adding 'trove_classifiers/py.typed'
DEBUG adding 'trove_classifiers-2026.5.7.17.dist-info/licenses/LICENSE'
DEBUG adding 'trove_classifiers-2026.5.7.17.dist-info/METADATA'
DEBUG adding 'trove_classifiers-2026.5.7.17.dist-info/WHEEL'
DEBUG adding 'trove_classifiers-2026.5.7.17.dist-info/entry_points.txt'
DEBUG adding 'trove_classifiers-2026.5.7.17.dist-info/top_level.txt'
DEBUG adding 'trove_classifiers-2026.5.7.17.dist-info/RECORD'
DEBUG removing build/bdist.linux-x86_64/wheel
DEBUG Built `trove-classifiers==2026.5.7.17` into `trove_classifiers-2026.5.7.17-py3-none-any.whl`
DEBUG running egg_info
DEBUG writing src/setuptools_scm.egg-info/PKG-INFO
DEBUG writing dependency_links to src/setuptools_scm.egg-info/dependency_links.txt
DEBUG writing entry points to src/setuptools_scm.egg-info/entry_points.txt
DEBUG writing requirements to src/setuptools_scm.egg-info/requires.txt
DEBUG writing top-level names to src/setuptools_scm.egg-info/top_level.txt
DEBUG /root/.cache/uv/builds-v0/.tmpO0sdFP/lib/python3.12/site-packages/vcs_versioning/overrides.py:609: UserWarning: No GlobalOverrides context is active. Auto-creating one with SETUPTOOLS_SCM prefix for backwards compatibility. Consider using 'with GlobalOverrides.from_env("YOUR_TOOL"):' explicitly.
DEBUG   return get_active_overrides().subprocess_timeout
DEBUG reading manifest file 'src/setuptools_scm.egg-info/SOURCES.txt'
DEBUG reading manifest template 'MANIFEST.in'
DEBUG warning: no previously-included files found matching '*.nix'
DEBUG warning: no previously-included files found matching '.pre-commit-config.yaml'
DEBUG warning: no previously-included files found matching 'changelog.d/*'
DEBUG warning: no previously-included files found matching '.git_archival.txt'
DEBUG warning: no previously-included files found matching '.readthedocs.yaml'
DEBUG warning: no files found matching '*.rst'
DEBUG no previously-included directories found matching '.cursor'
DEBUG adding license file 'LICENSE'
DEBUG writing manifest file 'src/setuptools_scm.egg-info/SOURCES.txt'
DEBUG No workspace root found, using project root
DEBUG Locking the source tree for setuptools
DEBUG Calling `setuptools.build_meta.build_wheel("/root/.cache/uv/builds-v0/.tmpb2NfI3", {}, None)`
DEBUG /root/.cache/uv/sdists-v9/index/c1a7fe1c52a1eb11/setuptools-scm/10.0.5/xkjDus4jatgsdLOjxbAbo/src/src/setuptools_scm/_integration/version_inference.py:151: UserWarning: version of None already set
DEBUG   warnings.warn(f"version of {self.dist_name} already set")
DEBUG running bdist_wheel
DEBUG running build
DEBUG running build_py
DEBUG creating build/lib/setuptools_scm
DEBUG copying src/setuptools_scm/_get_version.py -> build/lib/setuptools_scm
DEBUG copying src/setuptools_scm/fallbacks.py -> build/lib/setuptools_scm
DEBUG copying src/setuptools_scm/__init__.py -> build/lib/setuptools_scm
DEBUG copying src/setuptools_scm/version.py -> build/lib/setuptools_scm
DEBUG copying src/setuptools_scm/integration.py -> build/lib/setuptools_scm
DEBUG copying src/setuptools_scm/scm_workdir.py -> build/lib/setuptools_scm
DEBUG copying src/setuptools_scm/__main__.py -> build/lib/setuptools_scm
DEBUG copying src/setuptools_scm/hg.py -> build/lib/setuptools_scm
DEBUG copying src/setuptools_scm/discover.py -> build/lib/setuptools_scm
DEBUG copying src/setuptools_scm/hg_git.py -> build/lib/setuptools_scm
DEBUG copying src/setuptools_scm/git.py -> build/lib/setuptools_scm
DEBUG creating build/lib/setuptools_scm/_integration
DEBUG copying src/setuptools_scm/_integration/build_py.py -> build/lib/setuptools_scm/_integration
DEBUG copying src/setuptools_scm/_integration/version_inference.py -> build/lib/setuptools_scm/_integration
DEBUG copying src/setuptools_scm/_integration/setup_cfg.py -> build/lib/setuptools_scm/_integration
DEBUG copying src/setuptools_scm/_integration/deprecation.py -> build/lib/setuptools_scm/_integration
DEBUG copying src/setuptools_scm/_integration/__init__.py -> build/lib/setuptools_scm/_integration
DEBUG copying src/setuptools_scm/_integration/setuptools.py -> build/lib/setuptools_scm/_integration
DEBUG copying src/setuptools_scm/_integration/pyproject_reading.py -> build/lib/setuptools_scm/_integration
DEBUG running egg_info
DEBUG writing src/setuptools_scm.egg-info/PKG-INFO
DEBUG writing dependency_links to src/setuptools_scm.egg-info/dependency_links.txt
DEBUG writing entry points to src/setuptools_scm.egg-info/entry_points.txt
DEBUG writing requirements to src/setuptools_scm.egg-info/requires.txt
DEBUG writing top-level names to src/setuptools_scm.egg-info/top_level.txt
DEBUG /root/.cache/uv/builds-v0/.tmpO0sdFP/lib/python3.12/site-packages/vcs_versioning/overrides.py:609: UserWarning: No GlobalOverrides context is active. Auto-creating one with SETUPTOOLS_SCM prefix for backwards compatibility. Consider using 'with GlobalOverrides.from_env("YOUR_TOOL"):' explicitly.
DEBUG   return get_active_overrides().subprocess_timeout
DEBUG reading manifest file 'src/setuptools_scm.egg-info/SOURCES.txt'
DEBUG reading manifest template 'MANIFEST.in'
DEBUG warning: no previously-included files found matching '*.nix'
DEBUG warning: no previously-included files found matching '.pre-commit-config.yaml'
DEBUG warning: no previously-included files found matching 'changelog.d/*'
DEBUG warning: no previously-included files found matching '.git_archival.txt'
DEBUG warning: no previously-included files found matching '.readthedocs.yaml'
DEBUG warning: no files found matching '*.rst'
DEBUG no previously-included directories found matching '.cursor'
DEBUG adding license file 'LICENSE'
DEBUG writing manifest file 'src/setuptools_scm.egg-info/SOURCES.txt'
DEBUG copying src/setuptools_scm/.git_archival.txt -> build/lib/setuptools_scm
DEBUG copying src/setuptools_scm/py.typed -> build/lib/setuptools_scm
DEBUG installing to build/bdist.linux-x86_64/wheel
DEBUG running install
DEBUG running install_lib
DEBUG creating build/bdist.linux-x86_64/wheel
DEBUG creating build/bdist.linux-x86_64/wheel/setuptools_scm
DEBUG copying build/lib/setuptools_scm/_get_version.py -> build/bdist.linux-x86_64/wheel/./setuptools_scm
DEBUG copying build/lib/setuptools_scm/.git_archival.txt -> build/bdist.linux-x86_64/wheel/./setuptools_scm
DEBUG creating build/bdist.linux-x86_64/wheel/setuptools_scm/_integration
DEBUG copying build/lib/setuptools_scm/_integration/build_py.py -> build/bdist.linux-x86_64/wheel/./setuptools_scm/_integration
DEBUG copying build/lib/setuptools_scm/_integration/version_inference.py -> build/bdist.linux-x86_64/wheel/./setuptools_scm/_integration
DEBUG copying build/lib/setuptools_scm/_integration/setup_cfg.py -> build/bdist.linux-x86_64/wheel/./setuptools_scm/_integration
DEBUG copying build/lib/setuptools_scm/_integration/deprecation.py -> build/bdist.linux-x86_64/wheel/./setuptools_scm/_integration
DEBUG copying build/lib/setuptools_scm/_integration/__init__.py -> build/bdist.linux-x86_64/wheel/./setuptools_scm/_integration
DEBUG copying build/lib/setuptools_scm/_integration/setuptools.py -> build/bdist.linux-x86_64/wheel/./setuptools_scm/_integration
DEBUG copying build/lib/setuptools_scm/_integration/pyproject_reading.py -> build/bdist.linux-x86_64/wheel/./setuptools_scm/_integration
DEBUG copying build/lib/setuptools_scm/fallbacks.py -> build/bdist.linux-x86_64/wheel/./setuptools_scm
DEBUG copying build/lib/setuptools_scm/__init__.py -> build/bdist.linux-x86_64/wheel/./setuptools_scm
DEBUG copying build/lib/setuptools_scm/version.py -> build/bdist.linux-x86_64/wheel/./setuptools_scm
DEBUG copying build/lib/setuptools_scm/integration.py -> build/bdist.linux-x86_64/wheel/./setuptools_scm
DEBUG copying build/lib/setuptools_scm/scm_workdir.py -> build/bdist.linux-x86_64/wheel/./setuptools_scm
DEBUG copying build/lib/setuptools_scm/__main__.py -> build/bdist.linux-x86_64/wheel/./setuptools_scm
DEBUG copying build/lib/setuptools_scm/hg.py -> build/bdist.linux-x86_64/wheel/./setuptools_scm
DEBUG copying build/lib/setuptools_scm/discover.py -> build/bdist.linux-x86_64/wheel/./setuptools_scm
DEBUG copying build/lib/setuptools_scm/hg_git.py -> build/bdist.linux-x86_64/wheel/./setuptools_scm
DEBUG copying build/lib/setuptools_scm/py.typed -> build/bdist.linux-x86_64/wheel/./setuptools_scm
DEBUG copying build/lib/setuptools_scm/git.py -> build/bdist.linux-x86_64/wheel/./setuptools_scm
DEBUG running install_egg_info
DEBUG Copying src/setuptools_scm.egg-info to build/bdist.linux-x86_64/wheel/./setuptools_scm-10.0.5-py3.12.egg-info
DEBUG running install_scripts
DEBUG creating build/bdist.linux-x86_64/wheel/setuptools_scm-10.0.5.dist-info/WHEEL
DEBUG creating '/root/.cache/uv/builds-v0/.tmpb2NfI3/.tmp-u9sxy8jy/setuptools_scm-10.0.5-py3-none-any.whl' and adding 'build/bdist.linux-x86_64/wheel' to it
DEBUG adding 'setuptools_scm/.git_archival.txt'
DEBUG adding 'setuptools_scm/__init__.py'
DEBUG adding 'setuptools_scm/__main__.py'
DEBUG adding 'setuptools_scm/_get_version.py'
DEBUG adding 'setuptools_scm/discover.py'
DEBUG adding 'setuptools_scm/fallbacks.py'
DEBUG adding 'setuptools_scm/git.py'
DEBUG adding 'setuptools_scm/hg.py'
DEBUG adding 'setuptools_scm/hg_git.py'
DEBUG adding 'setuptools_scm/integration.py'
DEBUG adding 'setuptools_scm/py.typed'
DEBUG adding 'setuptools_scm/scm_workdir.py'
DEBUG adding 'setuptools_scm/version.py'
DEBUG adding 'setuptools_scm/_integration/__init__.py'
DEBUG adding 'setuptools_scm/_integration/build_py.py'
DEBUG adding 'setuptools_scm/_integration/deprecation.py'
DEBUG adding 'setuptools_scm/_integration/pyproject_reading.py'
DEBUG adding 'setuptools_scm/_integration/setup_cfg.py'
DEBUG adding 'setuptools_scm/_integration/setuptools.py'
DEBUG adding 'setuptools_scm/_integration/version_inference.py'
DEBUG adding 'setuptools_scm-10.0.5.dist-info/licenses/LICENSE'
DEBUG adding 'setuptools_scm-10.0.5.dist-info/METADATA'
DEBUG adding 'setuptools_scm-10.0.5.dist-info/WHEEL'
DEBUG adding 'setuptools_scm-10.0.5.dist-info/entry_points.txt'
DEBUG adding 'setuptools_scm-10.0.5.dist-info/top_level.txt'
DEBUG adding 'setuptools_scm-10.0.5.dist-info/RECORD'
DEBUG removing build/bdist.linux-x86_64/wheel
DEBUG Built `setuptools-scm==10.0.5` into `setuptools_scm-10.0.5-py3-none-any.whl`
DEBUG Installing build requirements: packaging==26.2, setuptools==82.0.1, vcs-versioning==1.1.1, setuptools-scm==10.0.5
DEBUG Failed to reflink `/root/.cache/uv/archive-v0/hlAzZ3vvypNfa7vlIdgbx/packaging/_musllinux.py` to `/root/.cache/uv/builds-v0/.tmpxe0vJG/lib/python3.12/site-packages/packaging/_musllinux.py`: Not supported (os error 95), falling back
DEBUG Failed to reflink `/root/.cache/uv/archive-v0/2Puarzm5iXyfdEfwjzsga/vcs_versioning/_toml.py` to `/root/.cache/uv/builds-v0/.tmpxe0vJG/lib/python3.12/site-packages/vcs_versioning/_toml.py`: Not supported (os error 95), falling back
DEBUG Failed to reflink `/root/.cache/uv/archive-v0/dRnLrc8mtb7FHIHdLe0_H/setuptools_scm/_get_version.py` to `/root/.cache/uv/builds-v0/.tmpxe0vJG/lib/python3.12/site-packages/setuptools_scm/_get_version.py`: Not supported (os error 95), falling back
DEBUG Failed to reflink `/root/.cache/uv/archive-v0/vt8tPxWVQ3nUb2hPqoqLz/distutils-precedence.pth` to `/root/.cache/uv/builds-v0/.tmpxe0vJG/lib/python3.12/site-packages/distutils-precedence.pth`: Not supported (os error 95), falling back
DEBUG Creating PEP 517 build environment
DEBUG Calling `setuptools.build_meta.get_requires_for_build_wheel()`
DEBUG /root/.cache/uv/builds-v0/.tmpxe0vJG/lib/python3.12/site-packages/setuptools/config/_apply_pyprojecttoml.py:82: SetuptoolsDeprecationWarning: `project.license` as a TOML table is deprecated
DEBUG !!
DEBUG 
DEBUG         ********************************************************************************
DEBUG         Please use a simple string containing a SPDX expression for `project.license`. You can also use `project.license-files`. (Both options available on setuptools>=77.0.0).
DEBUG 
DEBUG         By 2027-Feb-18, you need to update your project and remove deprecated calls
DEBUG         or your builds will no longer be supported.
DEBUG 
DEBUG         See https://packaging.python.org/en/latest/guides/writing-pyproject-toml/#license for details.
DEBUG         ********************************************************************************
DEBUG 
DEBUG !!
DEBUG   corresp(dist, value, root_dir)
DEBUG /root/.cache/uv/builds-v0/.tmpxe0vJG/lib/python3.12/site-packages/setuptools/config/_apply_pyprojecttoml.py:61: SetuptoolsDeprecationWarning: License classifiers are deprecated.
DEBUG !!
DEBUG 
DEBUG         ********************************************************************************
DEBUG         Please consider removing the following classifiers in favor of a SPDX license expression:
DEBUG 
DEBUG         License :: OSI Approved :: MIT License
DEBUG 
DEBUG         See https://packaging.python.org/en/latest/guides/writing-pyproject-toml/#license for details.
DEBUG         ********************************************************************************
DEBUG 
DEBUG !!
DEBUG   dist._finalize_license_expression()
DEBUG /root/.cache/uv/builds-v0/.tmpxe0vJG/lib/python3.12/site-packages/setuptools/dist.py:765: SetuptoolsDeprecationWarning: License classifiers are deprecated.
DEBUG !!
DEBUG 
DEBUG         ********************************************************************************
DEBUG         Please consider removing the following classifiers in favor of a SPDX license expression:
DEBUG 
DEBUG         License :: OSI Approved :: MIT License
DEBUG 
DEBUG         See https://packaging.python.org/en/latest/guides/writing-pyproject-toml/#license for details.
DEBUG         ********************************************************************************
DEBUG 
DEBUG !!
DEBUG   self._finalize_license_expression()
DEBUG running egg_info
DEBUG writing src/pluggy.egg-info/PKG-INFO
DEBUG writing dependency_links to src/pluggy.egg-info/dependency_links.txt
DEBUG writing requirements to src/pluggy.egg-info/requires.txt
DEBUG writing top-level names to src/pluggy.egg-info/top_level.txt
DEBUG /root/.cache/uv/builds-v0/.tmpxe0vJG/lib/python3.12/site-packages/vcs_versioning/overrides.py:609: UserWarning: No GlobalOverrides context is active. Auto-creating one with SETUPTOOLS_SCM prefix for backwards compatibility. Consider using 'with GlobalOverrides.from_env("YOUR_TOOL"):' explicitly.
DEBUG   return get_active_overrides().subprocess_timeout
DEBUG reading manifest file 'src/pluggy.egg-info/SOURCES.txt'
DEBUG reading manifest template 'MANIFEST.in'
DEBUG warning: no files found matching 'CHANGELOG'
DEBUG warning: no files found matching 'setup.py'
DEBUG warning: no previously-included files matching '*.pyc' found under directory '*'
DEBUG warning: no previously-included files matching '*.pyo' found under directory '*'
DEBUG adding license file 'LICENSE'
DEBUG writing manifest file 'src/pluggy.egg-info/SOURCES.txt'
DEBUG No workspace root found, using project root
DEBUG Locking the source tree for setuptools
DEBUG Calling `setuptools.build_meta.build_wheel("/root/.cache/uv/builds-v0/.tmpSBBDud", {}, None)`
DEBUG /root/.cache/uv/builds-v0/.tmpxe0vJG/lib/python3.12/site-packages/setuptools/config/_apply_pyprojecttoml.py:82: SetuptoolsDeprecationWarning: `project.license` as a TOML table is deprecated
DEBUG !!
DEBUG 
DEBUG         ********************************************************************************
DEBUG         Please use a simple string containing a SPDX expression for `project.license`. You can also use `project.license-files`. (Both options available on setuptools>=77.0.0).
DEBUG 
DEBUG         By 2027-Feb-18, you need to update your project and remove deprecated calls
DEBUG         or your builds will no longer be supported.
DEBUG 
DEBUG         See https://packaging.python.org/en/latest/guides/writing-pyproject-toml/#license for details.
DEBUG         ********************************************************************************
DEBUG 
DEBUG !!
DEBUG   corresp(dist, value, root_dir)
DEBUG /root/.cache/uv/builds-v0/.tmpxe0vJG/lib/python3.12/site-packages/setuptools/config/_apply_pyprojecttoml.py:61: SetuptoolsDeprecationWarning: License classifiers are deprecated.
DEBUG !!
DEBUG 
DEBUG         ********************************************************************************
DEBUG         Please consider removing the following classifiers in favor of a SPDX license expression:
DEBUG 
DEBUG         License :: OSI Approved :: MIT License
DEBUG 
DEBUG         See https://packaging.python.org/en/latest/guides/writing-pyproject-toml/#license for details.
DEBUG         ********************************************************************************
DEBUG 
DEBUG !!
DEBUG   dist._finalize_license_expression()
DEBUG /root/.cache/uv/builds-v0/.tmpxe0vJG/lib/python3.12/site-packages/setuptools/dist.py:765: SetuptoolsDeprecationWarning: License classifiers are deprecated.
DEBUG !!
DEBUG 
DEBUG         ********************************************************************************
DEBUG         Please consider removing the following classifiers in favor of a SPDX license expression:
DEBUG 
DEBUG         License :: OSI Approved :: MIT License
DEBUG 
DEBUG         See https://packaging.python.org/en/latest/guides/writing-pyproject-toml/#license for details.
DEBUG         ********************************************************************************
DEBUG 
DEBUG !!
DEBUG   self._finalize_license_expression()
DEBUG running bdist_wheel
DEBUG running build
DEBUG running build_py
DEBUG creating build/lib/pluggy
DEBUG copying src/pluggy/_result.py -> build/lib/pluggy
DEBUG copying src/pluggy/_version.py -> build/lib/pluggy
DEBUG copying src/pluggy/_warnings.py -> build/lib/pluggy
DEBUG copying src/pluggy/__init__.py -> build/lib/pluggy
DEBUG copying src/pluggy/_manager.py -> build/lib/pluggy
DEBUG copying src/pluggy/_callers.py -> build/lib/pluggy
DEBUG copying src/pluggy/_hooks.py -> build/lib/pluggy
DEBUG copying src/pluggy/_tracing.py -> build/lib/pluggy
DEBUG running egg_info
DEBUG writing src/pluggy.egg-info/PKG-INFO
DEBUG writing dependency_links to src/pluggy.egg-info/dependency_links.txt
DEBUG writing requirements to src/pluggy.egg-info/requires.txt
DEBUG writing top-level names to src/pluggy.egg-info/top_level.txt
DEBUG /root/.cache/uv/builds-v0/.tmpxe0vJG/lib/python3.12/site-packages/vcs_versioning/overrides.py:609: UserWarning: No GlobalOverrides context is active. Auto-creating one with SETUPTOOLS_SCM prefix for backwards compatibility. Consider using 'with GlobalOverrides.from_env("YOUR_TOOL"):' explicitly.
DEBUG   return get_active_overrides().subprocess_timeout
DEBUG reading manifest file 'src/pluggy.egg-info/SOURCES.txt'
DEBUG reading manifest template 'MANIFEST.in'
DEBUG warning: no files found matching 'CHANGELOG'
DEBUG warning: no files found matching 'setup.py'
DEBUG warning: no previously-included files matching '*.pyc' found under directory '*'
DEBUG warning: no previously-included files matching '*.pyo' found under directory '*'
DEBUG adding license file 'LICENSE'
DEBUG writing manifest file 'src/pluggy.egg-info/SOURCES.txt'
DEBUG copying src/pluggy/py.typed -> build/lib/pluggy
DEBUG installing to build/bdist.linux-x86_64/wheel
DEBUG running install
DEBUG running install_lib
DEBUG creating build/bdist.linux-x86_64/wheel
DEBUG creating build/bdist.linux-x86_64/wheel/pluggy
DEBUG copying build/lib/pluggy/_result.py -> build/bdist.linux-x86_64/wheel/./pluggy
DEBUG copying build/lib/pluggy/_version.py -> build/bdist.linux-x86_64/wheel/./pluggy
DEBUG copying build/lib/pluggy/_warnings.py -> build/bdist.linux-x86_64/wheel/./pluggy
DEBUG copying build/lib/pluggy/__init__.py -> build/bdist.linux-x86_64/wheel/./pluggy
DEBUG copying build/lib/pluggy/_manager.py -> build/bdist.linux-x86_64/wheel/./pluggy
DEBUG copying build/lib/pluggy/_callers.py -> build/bdist.linux-x86_64/wheel/./pluggy
DEBUG copying build/lib/pluggy/_hooks.py -> build/bdist.linux-x86_64/wheel/./pluggy
DEBUG copying build/lib/pluggy/_tracing.py -> build/bdist.linux-x86_64/wheel/./pluggy
DEBUG copying build/lib/pluggy/py.typed -> build/bdist.linux-x86_64/wheel/./pluggy
DEBUG running install_egg_info
DEBUG Copying src/pluggy.egg-info to build/bdist.linux-x86_64/wheel/./pluggy-1.6.0-py3.12.egg-info
DEBUG running install_scripts
DEBUG creating build/bdist.linux-x86_64/wheel/pluggy-1.6.0.dist-info/WHEEL
DEBUG creating '/root/.cache/uv/builds-v0/.tmpSBBDud/.tmp-s3vdvjbf/pluggy-1.6.0-py3-none-any.whl' and adding 'build/bdist.linux-x86_64/wheel' to it
DEBUG adding 'pluggy/__init__.py'
DEBUG adding 'pluggy/_callers.py'
DEBUG adding 'pluggy/_hooks.py'
DEBUG adding 'pluggy/_manager.py'
DEBUG adding 'pluggy/_result.py'
DEBUG adding 'pluggy/_tracing.py'
DEBUG adding 'pluggy/_version.py'
DEBUG adding 'pluggy/_warnings.py'
DEBUG adding 'pluggy/py.typed'
DEBUG adding 'pluggy-1.6.0.dist-info/licenses/LICENSE'
DEBUG adding 'pluggy-1.6.0.dist-info/METADATA'
DEBUG adding 'pluggy-1.6.0.dist-info/WHEEL'
DEBUG adding 'pluggy-1.6.0.dist-info/top_level.txt'
DEBUG adding 'pluggy-1.6.0.dist-info/RECORD'
DEBUG removing build/bdist.linux-x86_64/wheel
DEBUG Built `pluggy==1.6.0` into `pluggy-1.6.0-py3-none-any.whl`
DEBUG Installing build requirements: pathspec==1.1.1, packaging==26.2, trove-classifiers==2026.5.7.17, pluggy==1.6.0
DEBUG Failed to reflink `/root/.cache/uv/archive-v0/hlAzZ3vvypNfa7vlIdgbx/packaging/_musllinux.py` to `/root/.cache/uv/builds-v0/.tmpUFYoSn/lib/python3.12/site-packages/packaging/_musllinux.py`: Not supported (os error 95), falling back
DEBUG Failed to reflink `/root/.cache/uv/archive-v0/HP4E41S8JtNApHYbCloqI/trove_classifiers/__init__.py` to `/root/.cache/uv/builds-v0/.tmpUFYoSn/lib/python3.12/site-packages/trove_classifiers/__init__.py`: Not supported (os error 95), falling back
DEBUG Failed to reflink `/root/.cache/uv/archive-v0/5-YAmaUixIO4KpqS4B0Dq/pluggy/_result.py` to `/root/.cache/uv/builds-v0/.tmpUFYoSn/lib/python3.12/site-packages/pluggy/_result.py`: Not supported (os error 95), falling back
DEBUG Failed to reflink `/root/.cache/uv/archive-v0/Ex_n-FehKJ7Fvl4coVSck/pathspec-1.1.1.dist-info/METADATA` to `/root/.cache/uv/builds-v0/.tmpUFYoSn/lib/python3.12/site-packages/pathspec-1.1.1.dist-info/METADATA`: Not supported (os error 95), falling back
DEBUG Calling `hatchling.ouroboros.build_wheel("/root/.cache/uv/builds-v0/.tmpXZaBcL", {}, None)`
DEBUG Built `hatchling==1.29.0` into `hatchling-1.29.0-py3-none-any.whl`
DEBUG Installing build requirements: pathspec==1.1.1, packaging==26.2, trove-classifiers==2026.5.7.17, pluggy==1.6.0, hatchling==1.29.0
DEBUG Failed to reflink `/root/.cache/uv/archive-v0/HP4E41S8JtNApHYbCloqI/trove_classifiers/__init__.py` to `/root/.cache/uv/builds-v0/.tmpxx3H9W/lib/python3.12/site-packages/trove_classifiers/__init__.py`: Not supported (os error 95), falling back
DEBUG Failed to reflink `/root/.cache/uv/archive-v0/hlAzZ3vvypNfa7vlIdgbx/packaging/_musllinux.py` to `/root/.cache/uv/builds-v0/.tmpxx3H9W/lib/python3.12/site-packages/packaging/_musllinux.py`: Not supported (os error 95), falling back
DEBUG Failed to reflink `/root/.cache/uv/archive-v0/5-YAmaUixIO4KpqS4B0Dq/pluggy/_result.py` to `/root/.cache/uv/builds-v0/.tmpxx3H9W/lib/python3.12/site-packages/pluggy/_result.py`: Not supported (os error 95), falling back
DEBUG Failed to reflink `/root/.cache/uv/archive-v0/Ex_n-FehKJ7Fvl4coVSck/pathspec-1.1.1.dist-info/METADATA` to `/root/.cache/uv/builds-v0/.tmpxx3H9W/lib/python3.12/site-packages/pathspec-1.1.1.dist-info/METADATA`: Not supported (os error 95), falling back
DEBUG Failed to reflink `/root/.cache/uv/archive-v0/j_wMouxE4Z0kO6Ix7TY52/hatchling/plugin/utils.py` to `/root/.cache/uv/builds-v0/.tmpxx3H9W/lib/python3.12/site-packages/hatchling/plugin/utils.py`: Not supported (os error 95), falling back
DEBUG Creating PEP 517 build environment
DEBUG Calling `hatchling.build.get_requires_for_build_wheel()`
DEBUG No workspace root found, using project root
DEBUG Calling `hatchling.build.build_wheel("/app/dist", {}, None)`
Successfully built dist/sample_project-0.1.0-py3-none-any.whl
--> ab41403b4615
STEP 10/11: RUN . /hermeto.env && uv sync  --verbose
DEBUG uv 0.11.2 (x86_64-unknown-linux-musl)
DEBUG Found project root: `/app`
DEBUG No workspace root found, using project root
DEBUG No Python version file found in workspace: /app
DEBUG Using Python request `>=3.12` from `requires-python` metadata
DEBUG Checking for Python environment at: `.venv`
DEBUG Using request connect timeout of 10s and read timeout of 30s
DEBUG Searching for Python >=3.12 in managed installations or search path
DEBUG Searching for managed installations at `/root/.local/share/uv/python`
DEBUG Found `cpython-3.12.13-linux-x86_64-gnu` at `/usr/local/bin/python3` (first executable in the search path)
Using CPython 3.12.13 interpreter at: /usr/local/bin/python3
Creating virtual environment at: .venv
DEBUG Using base executable for virtual environment: /usr/local/bin/python3
DEBUG Using request connect timeout of 10s and read timeout of 30s
DEBUG Ignoring `--find-links` entry (expected a wheel or source distribution filename): /hermeto-output/deps/uv/flask-gitcommit-7fff56f5.tar.gz
DEBUG Found 25 packages in `--find-links` entry: file:///hermeto-output/deps/uv
DEBUG Identified uncached distribution: click==8.1.8
DEBUG Identified uncached distribution: flask @ file:///hermeto-output/deps/uv/flask-gitcommit-7fff56f5.tar.gz
DEBUG Identified uncached distribution: httpx @ file:///hermeto-output/deps/uv/httpx-0.28.1.tar.gz
DEBUG Identified uncached distribution: blinker==1.9.0
DEBUG Identified uncached distribution: itsdangerous==2.2.0
DEBUG Identified uncached distribution: jinja2==3.1.6
DEBUG Identified uncached distribution: markupsafe==3.0.3
DEBUG Identified uncached distribution: werkzeug==3.1.8
DEBUG Identified uncached distribution: anyio==4.13.0
DEBUG Identified uncached distribution: certifi==2026.4.22
DEBUG Identified uncached distribution: httpcore==1.0.9
DEBUG Identified uncached distribution: idna==3.15
DEBUG Identified uncached distribution: typing-extensions==4.15.0
DEBUG Identified uncached distribution: h11==0.16.0
DEBUG Unpacking source distribution: flask @ file:///hermeto-output/deps/uv/flask-gitcommit-7fff56f5.tar.gz
DEBUG Unpacking for build: /hermeto-output/deps/uv/flask-gitcommit-7fff56f5.tar.gz
DEBUG Unpacking source distribution: httpx @ file:///hermeto-output/deps/uv/httpx-0.28.1.tar.gz
DEBUG Unpacking for build: /hermeto-output/deps/uv/httpx-0.28.1.tar.gz
DEBUG Unpacking source distribution: werkzeug==3.1.8
DEBUG Unpacking for build: /hermeto-output/deps/uv/werkzeug-3.1.8.tar.gz
DEBUG Unpacking source distribution: jinja2==3.1.6
DEBUG Unpacking for build: /hermeto-output/deps/uv/jinja2-3.1.6.tar.gz
DEBUG Unpacking source distribution: anyio==4.13.0
DEBUG Unpacking for build: /hermeto-output/deps/uv/anyio-4.13.0.tar.gz
DEBUG Unpacking source distribution: click==8.1.8
DEBUG Unpacking for build: /hermeto-output/deps/uv/click-8.1.8.tar.gz
DEBUG Unpacking source distribution: idna==3.15
DEBUG Unpacking for build: /hermeto-output/deps/uv/idna-3.15.tar.gz
DEBUG Unpacking source distribution: certifi==2026.4.22
DEBUG Unpacking for build: /hermeto-output/deps/uv/certifi-2026.4.22.tar.gz
DEBUG Unpacking source distribution: typing-extensions==4.15.0
DEBUG Unpacking for build: /hermeto-output/deps/uv/typing_extensions-4.15.0.tar.gz
DEBUG Unpacking source distribution: h11==0.16.0
DEBUG Unpacking for build: /hermeto-output/deps/uv/h11-0.16.0.tar.gz
DEBUG Unpacking source distribution: httpcore==1.0.9
DEBUG Unpacking for build: /hermeto-output/deps/uv/httpcore-1.0.9.tar.gz
DEBUG Unpacking source distribution: markupsafe==3.0.3
DEBUG Unpacking for build: /hermeto-output/deps/uv/markupsafe-3.0.3.tar.gz
DEBUG Unpacking source distribution: itsdangerous==2.2.0
DEBUG Unpacking for build: /hermeto-output/deps/uv/itsdangerous-2.2.0.tar.gz
DEBUG Unpacking source distribution: blinker==1.9.0
DEBUG Unpacking for build: /hermeto-output/deps/uv/blinker-1.9.0.tar.gz
   Building typing-extensions==4.15.0
DEBUG Building: typing-extensions==4.15.0
DEBUG Assessing Python executable as base candidate: /usr/local/bin/python3
DEBUG Reusing existing build environment for: typing-extensions==4.15.0
DEBUG No workspace root found, using project root
DEBUG Using base executable for virtual environment: /usr/local/bin/python3
DEBUG Resolving build requirements
DEBUG Solving with installed Python version: 3.12.13
DEBUG Solving with target Python version: >=3.12.13
DEBUG Adding direct dependency: flit-core>=3.11, <4
DEBUG No cache entry for: https://pypi.org/simple/flit-core/
DEBUG Sending fresh GET request for: https://pypi.org/simple/flit-core/
DEBUG Searching for a compatible version of flit-core (>=3.11, <4)
DEBUG Selecting: flit-core==3.12.0 [compatible] (flit_core-3.12.0.tar.gz)
DEBUG Found static `pyproject.toml` for: flit-core==3.12.0
DEBUG Tried 1 versions: flit-core 1
DEBUG marker environment resolution took 0.007s
DEBUG Installing in flit-core==3.12.0 in /root/.cache/uv/builds-v0/.tmpJhdsry
DEBUG Registry requirement already cached: flit-core==3.12.0
DEBUG Installing build requirement: flit-core==3.12.0
DEBUG Failed to reflink `/root/.cache/uv/archive-v0/nnASDGqwd_g8G5i3uW419/flit_core-3.12.0.dist-info/METADATA` to `/root/.cache/uv/builds-v0/.tmpJhdsry/lib/python3.12/site-packages/flit_core-3.12.0.dist-info/METADATA`: Not supported (os error 95), falling back
   Building certifi==2026.4.22
DEBUG Building: certifi==2026.4.22
DEBUG Assessing Python executable as base candidate: /usr/local/bin/python3
DEBUG Reusing existing build environment for: certifi==2026.4.22
DEBUG Using base executable for virtual environment: /usr/local/bin/python3
DEBUG Resolving build requirements
DEBUG Solving with installed Python version: 3.12.13
DEBUG Solving with target Python version: >=3.12.13
DEBUG Adding direct dependency: setuptools>=42.0.0
DEBUG No cache entry for: https://pypi.org/simple/setuptools/
DEBUG Sending fresh GET request for: https://pypi.org/simple/setuptools/
DEBUG Searching for a compatible version of setuptools (>=42.0.0)
DEBUG Selecting: setuptools==82.0.1 [compatible] (setuptools-82.0.1.tar.gz)
DEBUG Found static `pyproject.toml` for: setuptools==82.0.1
DEBUG Tried 1 versions: setuptools 1
DEBUG marker environment resolution took 0.008s
DEBUG Creating PEP 517 build environment
DEBUG Calling `flit_core.buildapi.get_requires_for_build_wheel()`
DEBUG Installing in setuptools==82.0.1 in /root/.cache/uv/builds-v0/.tmpKVk45K
DEBUG Registry requirement already cached: setuptools==82.0.1
DEBUG Installing build requirement: setuptools==82.0.1
DEBUG Failed to reflink `/root/.cache/uv/archive-v0/vt8tPxWVQ3nUb2hPqoqLz/distutils-precedence.pth` to `/root/.cache/uv/builds-v0/.tmpKVk45K/lib/python3.12/site-packages/distutils-precedence.pth`: Not supported (os error 95), falling back
   Building blinker==1.9.0
DEBUG Building: blinker==1.9.0
   Building idna==3.15
DEBUG Building: idna==3.15
DEBUG Assessing Python executable as base candidate: /usr/local/bin/python3
DEBUG Reusing existing build environment for: blinker==1.9.0
DEBUG Assessing Python executable as base candidate: /usr/local/bin/python3
DEBUG Reusing existing build environment for: idna==3.15
DEBUG No workspace root found, using project root
DEBUG Using base executable for virtual environment: /usr/local/bin/python3
DEBUG Resolving build requirements
DEBUG Solving with installed Python version: 3.12.13
DEBUG Solving with target Python version: >=3.12.13
DEBUG Adding direct dependency: flit-core<4
DEBUG Searching for a compatible version of flit-core (<4)
DEBUG Selecting: flit-core==3.12.0 [compatible] (flit_core-3.12.0.tar.gz)
DEBUG Tried 1 versions: flit-core 1
DEBUG marker environment resolution took 0.000s
DEBUG No workspace root found, using project root
DEBUG Using base executable for virtual environment: /usr/local/bin/python3
DEBUG Resolving build requirements
DEBUG Solving with installed Python version: 3.12.13
DEBUG Solving with target Python version: >=3.12.13
DEBUG Adding direct dependency: flit-core>=3.11, <5
DEBUG Searching for a compatible version of flit-core (>=3.11, <5)
DEBUG Selecting: flit-core==3.12.0 [compatible] (flit_core-3.12.0.tar.gz)
DEBUG Tried 1 versions: flit-core 1
DEBUG marker environment resolution took 0.000s
DEBUG Installing in flit-core==3.12.0 in /root/.cache/uv/builds-v0/.tmp8dx9T5
DEBUG Registry requirement already cached: flit-core==3.12.0
DEBUG Installing build requirement: flit-core==3.12.0
DEBUG Installing in flit-core==3.12.0 in /root/.cache/uv/builds-v0/.tmpcw0zff
DEBUG Registry requirement already cached: flit-core==3.12.0
DEBUG Installing build requirement: flit-core==3.12.0
DEBUG Failed to reflink `/root/.cache/uv/archive-v0/nnASDGqwd_g8G5i3uW419/flit_core-3.12.0.dist-info/METADATA` to `/root/.cache/uv/builds-v0/.tmp8dx9T5/lib/python3.12/site-packages/flit_core-3.12.0.dist-info/METADATA`: Not supported (os error 95), falling back
DEBUG Failed to reflink `/root/.cache/uv/archive-v0/nnASDGqwd_g8G5i3uW419/flit_core-3.12.0.dist-info/METADATA` to `/root/.cache/uv/builds-v0/.tmpcw0zff/lib/python3.12/site-packages/flit_core-3.12.0.dist-info/METADATA`: Not supported (os error 95), falling back
   Building markupsafe==3.0.3
DEBUG Building: markupsafe==3.0.3
DEBUG Assessing Python executable as base candidate: /usr/local/bin/python3
DEBUG Reusing existing build environment for: markupsafe==3.0.3
DEBUG Creating PEP 517 build environment
DEBUG Calling `flit_core.buildapi.get_requires_for_build_wheel()`
DEBUG Creating PEP 517 build environment
DEBUG Calling `flit_core.buildapi.get_requires_for_build_wheel()`
DEBUG No workspace root found, using project root
DEBUG Using base executable for virtual environment: /usr/local/bin/python3
DEBUG Resolving build requirements
DEBUG Solving with installed Python version: 3.12.13
DEBUG Solving with target Python version: >=3.12.13
DEBUG Adding direct dependency: setuptools>=77
DEBUG Searching for a compatible version of setuptools (>=77)
DEBUG Selecting: setuptools==82.0.1 [compatible] (setuptools-82.0.1.tar.gz)
DEBUG Tried 1 versions: setuptools 1
DEBUG marker environment resolution took 0.000s
DEBUG Installing in setuptools==82.0.1 in /root/.cache/uv/builds-v0/.tmpkLbRDS
DEBUG Registry requirement already cached: setuptools==82.0.1
DEBUG Installing build requirement: setuptools==82.0.1
DEBUG Failed to reflink `/root/.cache/uv/archive-v0/vt8tPxWVQ3nUb2hPqoqLz/distutils-precedence.pth` to `/root/.cache/uv/builds-v0/.tmpkLbRDS/lib/python3.12/site-packages/distutils-precedence.pth`: Not supported (os error 95), falling back
   Building itsdangerous==2.2.0
DEBUG Building: itsdangerous==2.2.0
DEBUG Assessing Python executable as base candidate: /usr/local/bin/python3
DEBUG Reusing existing build environment for: itsdangerous==2.2.0
DEBUG No workspace root found, using project root
DEBUG Using base executable for virtual environment: /usr/local/bin/python3
DEBUG Resolving build requirements
DEBUG Solving with installed Python version: 3.12.13
DEBUG Solving with target Python version: >=3.12.13
DEBUG Adding direct dependency: flit-core<4
DEBUG Searching for a compatible version of flit-core (<4)
DEBUG Selecting: flit-core==3.12.0 [compatible] (flit_core-3.12.0.tar.gz)
DEBUG Tried 1 versions: flit-core 1
DEBUG marker environment resolution took 0.000s
DEBUG Installing in flit-core==3.12.0 in /root/.cache/uv/builds-v0/.tmpc9COG6
DEBUG Registry requirement already cached: flit-core==3.12.0
DEBUG Installing build requirement: flit-core==3.12.0
DEBUG Failed to reflink `/root/.cache/uv/archive-v0/nnASDGqwd_g8G5i3uW419/flit_core-3.12.0.dist-info/METADATA` to `/root/.cache/uv/builds-v0/.tmpc9COG6/lib/python3.12/site-packages/flit_core-3.12.0.dist-info/METADATA`: Not supported (os error 95), falling back
DEBUG Creating PEP 517 build environment
DEBUG Calling `flit_core.buildapi.get_requires_for_build_wheel()`
   Building httpcore==1.0.9
DEBUG Building: httpcore==1.0.9
   Building h11==0.16.0
DEBUG Building: h11==0.16.0
DEBUG Assessing Python executable as base candidate: /usr/local/bin/python3
DEBUG Reusing existing build environment for: httpcore==1.0.9
DEBUG Assessing Python executable as base candidate: /usr/local/bin/python3
DEBUG Reusing existing build environment for: h11==0.16.0
DEBUG Using base executable for virtual environment: /usr/local/bin/python3
DEBUG Resolving build requirements
DEBUG Solving with installed Python version: 3.12.13
DEBUG Solving with target Python version: >=3.12.13
DEBUG No workspace root found, using project root
DEBUG Using base executable for virtual environment: /usr/local/bin/python3
DEBUG Adding direct dependency: setuptools>=40.8.0
DEBUG Searching for a compatible version of setuptools (>=40.8.0)
DEBUG Selecting: setuptools==82.0.1 [compatible] (setuptools-82.0.1.tar.gz)
DEBUG Tried 1 versions: setuptools 1
DEBUG marker environment resolution took 0.000s
DEBUG Resolving build requirements
DEBUG Solving with installed Python version: 3.12.13
DEBUG Solving with target Python version: >=3.12.13
DEBUG Adding direct dependency: hatchling*
DEBUG Adding direct dependency: hatch-fancy-pypi-readme*
DEBUG Installing in setuptools==82.0.1 in /root/.cache/uv/builds-v0/.tmp9cGKQn
DEBUG Registry requirement already cached: setuptools==82.0.1
DEBUG Installing build requirement: setuptools==82.0.1
DEBUG No cache entry for: https://pypi.org/simple/hatchling/
DEBUG Sending fresh GET request for: https://pypi.org/simple/hatchling/
DEBUG Searching for a compatible version of hatchling (*)
DEBUG Selecting: hatchling==1.29.0 [compatible] (hatchling-1.29.0.tar.gz)
DEBUG No cache entry for: https://pypi.org/simple/hatch-fancy-pypi-readme/
DEBUG Sending fresh GET request for: https://pypi.org/simple/hatch-fancy-pypi-readme/
DEBUG Found static `pyproject.toml` for: hatchling==1.29.0
DEBUG Unpacking source distribution: hatch-fancy-pypi-readme==25.1.0
DEBUG Unpacking for build: /hermeto-output/deps/uv/hatch_fancy_pypi_readme-25.1.0.tar.gz
DEBUG Adding transitive dependency for hatchling==1.29.0: packaging>=24.2
DEBUG Adding transitive dependency for hatchling==1.29.0: pathspec>=0.10.1
DEBUG Adding transitive dependency for hatchling==1.29.0: pluggy>=1.0.0
DEBUG Adding transitive dependency for hatchling==1.29.0: trove-classifiers*
DEBUG Searching for a compatible version of hatch-fancy-pypi-readme (*)
DEBUG Selecting: hatch-fancy-pypi-readme==25.1.0 [compatible] (hatch_fancy_pypi_readme-25.1.0.tar.gz)
DEBUG No cache entry for: https://pypi.org/simple/packaging/
DEBUG Sending fresh GET request for: https://pypi.org/simple/packaging/
DEBUG No cache entry for: https://pypi.org/simple/trove-classifiers/
DEBUG Sending fresh GET request for: https://pypi.org/simple/trove-classifiers/
DEBUG No cache entry for: https://pypi.org/simple/pluggy/
DEBUG Sending fresh GET request for: https://pypi.org/simple/pluggy/
DEBUG No cache entry for: https://pypi.org/simple/pathspec/
DEBUG Sending fresh GET request for: https://pypi.org/simple/pathspec/
DEBUG Failed to reflink `/root/.cache/uv/archive-v0/vt8tPxWVQ3nUb2hPqoqLz/distutils-precedence.pth` to `/root/.cache/uv/builds-v0/.tmp9cGKQn/lib/python3.12/site-packages/distutils-precedence.pth`: Not supported (os error 95), falling back
DEBUG Found static `pyproject.toml` for: packaging==26.2
DEBUG No static `pyproject.toml` available for: trove-classifiers==2026.5.7.17 (FieldNotFound("project"))
DEBUG Found static `pyproject.toml` for: pluggy==1.6.0
DEBUG Found static `pyproject.toml` for: pathspec==1.1.1
DEBUG Found static `PKG-INFO` for: trove-classifiers==2026.5.7.17
   Building httpx @ file:///hermeto-output/deps/uv/httpx-0.28.1.tar.gz
DEBUG Building: httpx @ file:///hermeto-output/deps/uv/httpx-0.28.1.tar.gz
DEBUG Assessing Python executable as base candidate: /usr/local/bin/python3
DEBUG Reusing existing build environment for: httpx @ file:///hermeto-output/deps/uv/httpx-0.28.1.tar.gz
DEBUG No workspace root found, using project root
DEBUG Using base executable for virtual environment: /usr/local/bin/python3
DEBUG Resolving build requirements
DEBUG Solving with installed Python version: 3.12.13
DEBUG Solving with target Python version: >=3.12.13
DEBUG Adding direct dependency: hatchling*
DEBUG Adding direct dependency: hatch-fancy-pypi-readme*
DEBUG Searching for a compatible version of hatchling (*)
DEBUG Selecting: hatchling==1.29.0 [compatible] (hatchling-1.29.0.tar.gz)
DEBUG Adding transitive dependency for hatchling==1.29.0: packaging>=24.2
DEBUG Adding transitive dependency for hatchling==1.29.0: pathspec>=0.10.1
DEBUG Adding transitive dependency for hatchling==1.29.0: pluggy>=1.0.0
DEBUG Adding transitive dependency for hatchling==1.29.0: trove-classifiers*
DEBUG Searching for a compatible version of hatch-fancy-pypi-readme (*)
DEBUG Selecting: hatch-fancy-pypi-readme==25.1.0 [compatible] (hatch_fancy_pypi_readme-25.1.0.tar.gz)
   Building click==8.1.8
DEBUG Building: click==8.1.8
DEBUG Assessing Python executable as base candidate: /usr/local/bin/python3
DEBUG Reusing existing build environment for: click==8.1.8
DEBUG No workspace root found, using project root
DEBUG Using base executable for virtual environment: /usr/local/bin/python3
DEBUG Resolving build requirements
DEBUG Solving with installed Python version: 3.12.13
DEBUG Solving with target Python version: >=3.12.13
DEBUG Adding direct dependency: flit-core<4
DEBUG Searching for a compatible version of flit-core (<4)
DEBUG Selecting: flit-core==3.12.0 [compatible] (flit_core-3.12.0.tar.gz)
DEBUG Tried 1 versions: flit-core 1
DEBUG marker environment resolution took 0.000s
DEBUG Installing in flit-core==3.12.0 in /root/.cache/uv/builds-v0/.tmpeYBuVi
DEBUG Registry requirement already cached: flit-core==3.12.0
DEBUG Installing build requirement: flit-core==3.12.0
   Building jinja2==3.1.6
DEBUG Building: jinja2==3.1.6
DEBUG Creating PEP 517 build environment
DEBUG Calling `setuptools.build_meta.get_requires_for_build_wheel()`
DEBUG Creating PEP 517 build environment
DEBUG Calling `setuptools.build_meta.get_requires_for_build_wheel()`
DEBUG Failed to reflink `/root/.cache/uv/archive-v0/nnASDGqwd_g8G5i3uW419/flit_core-3.12.0.dist-info/METADATA` to `/root/.cache/uv/builds-v0/.tmpeYBuVi/lib/python3.12/site-packages/flit_core-3.12.0.dist-info/METADATA`: Not supported (os error 95), falling back
DEBUG Assessing Python executable as base candidate: /usr/local/bin/python3
DEBUG Reusing existing build environment for: jinja2==3.1.6
DEBUG No workspace root found, using project root
DEBUG Using base executable for virtual environment: /usr/local/bin/python3
DEBUG Resolving build requirements
DEBUG Solving with installed Python version: 3.12.13
DEBUG Solving with target Python version: >=3.12.13
DEBUG Adding direct dependency: flit-core<4
DEBUG Searching for a compatible version of flit-core (<4)
DEBUG Selecting: flit-core==3.12.0 [compatible] (flit_core-3.12.0.tar.gz)
DEBUG Tried 1 versions: flit-core 1
DEBUG marker environment resolution took 0.000s
DEBUG Installing in flit-core==3.12.0 in /root/.cache/uv/builds-v0/.tmpWSQfAo
DEBUG Registry requirement already cached: flit-core==3.12.0
DEBUG Installing build requirement: flit-core==3.12.0
DEBUG Creating PEP 517 build environment
DEBUG Calling `flit_core.buildapi.get_requires_for_build_wheel()`
DEBUG Failed to reflink `/root/.cache/uv/archive-v0/nnASDGqwd_g8G5i3uW419/flit_core-3.12.0.dist-info/METADATA` to `/root/.cache/uv/builds-v0/.tmpWSQfAo/lib/python3.12/site-packages/flit_core-3.12.0.dist-info/METADATA`: Not supported (os error 95), falling back
DEBUG Creating PEP 517 build environment
DEBUG Calling `flit_core.buildapi.get_requires_for_build_wheel()`
DEBUG Found static `pyproject.toml` for: hatch-fancy-pypi-readme==25.1.0
DEBUG Adding transitive dependency for hatch-fancy-pypi-readme==25.1.0: hatchling*
DEBUG Searching for a compatible version of packaging (>=24.2)
DEBUG Selecting: packaging==26.2 [compatible] (packaging-26.2.tar.gz)
DEBUG Searching for a compatible version of pathspec (>=0.10.1)
DEBUG Selecting: pathspec==1.1.1 [compatible] (pathspec-1.1.1.tar.gz)
DEBUG Searching for a compatible version of pluggy (>=1.0.0)
DEBUG Selecting: pluggy==1.6.0 [compatible] (pluggy-1.6.0.tar.gz)
DEBUG Searching for a compatible version of trove-classifiers (*)
DEBUG Selecting: trove-classifiers==2026.5.7.17 [compatible] (trove_classifiers-2026.5.7.17.tar.gz)
DEBUG Tried 6 versions: hatch-fancy-pypi-readme 1, hatchling 1, packaging 1, pathspec 1, pluggy 1, trove-classifiers 1
DEBUG marker environment resolution took 0.188s
DEBUG Creating PEP 517 build environment
DEBUG Calling `setuptools.build_meta:__legacy__.get_requires_for_build_wheel()`
DEBUG Adding transitive dependency for hatch-fancy-pypi-readme==25.1.0: hatchling*
DEBUG Searching for a compatible version of packaging (>=24.2)
DEBUG Selecting: packaging==26.2 [compatible] (packaging-26.2.tar.gz)
DEBUG Searching for a compatible version of pathspec (>=0.10.1)
DEBUG Selecting: pathspec==1.1.1 [compatible] (pathspec-1.1.1.tar.gz)
DEBUG Searching for a compatible version of pluggy (>=1.0.0)
DEBUG Selecting: pluggy==1.6.0 [compatible] (pluggy-1.6.0.tar.gz)
DEBUG Searching for a compatible version of trove-classifiers (*)
DEBUG Selecting: trove-classifiers==2026.5.7.17 [compatible] (trove_classifiers-2026.5.7.17.tar.gz)
DEBUG Tried 6 versions: hatch-fancy-pypi-readme 1, hatchling 1, packaging 1, pathspec 1, pluggy 1, trove-classifiers 1
DEBUG marker environment resolution took 0.098s
DEBUG Installing in hatch-fancy-pypi-readme==25.1.0, pathspec==1.1.1, pluggy==1.6.0, hatchling==1.29.0, trove-classifiers==2026.5.7.17, packaging==26.2 in /root/.cache/uv/builds-v0/.tmpcmvWrd
DEBUG Identified uncached distribution: hatch-fancy-pypi-readme==25.1.0
DEBUG Registry requirement already cached: pathspec==1.1.1
DEBUG Registry requirement already cached: pluggy==1.6.0
DEBUG Registry requirement already cached: hatchling==1.29.0
DEBUG Registry requirement already cached: trove-classifiers==2026.5.7.17
DEBUG Registry requirement already cached: packaging==26.2
DEBUG Downloading and building requirement for build: hatch-fancy-pypi-readme==25.1.0
DEBUG Installing in hatch-fancy-pypi-readme==25.1.0, pathspec==1.1.1, pluggy==1.6.0, hatchling==1.29.0, trove-classifiers==2026.5.7.17, packaging==26.2 in /root/.cache/uv/builds-v0/.tmpL5mWtm
DEBUG Identified uncached distribution: hatch-fancy-pypi-readme==25.1.0
DEBUG Registry requirement already cached: pathspec==1.1.1
DEBUG Registry requirement already cached: pluggy==1.6.0
DEBUG Registry requirement already cached: hatchling==1.29.0
DEBUG Registry requirement already cached: trove-classifiers==2026.5.7.17
DEBUG Registry requirement already cached: packaging==26.2
DEBUG Downloading and building requirement for build: hatch-fancy-pypi-readme==25.1.0
DEBUG Building: hatch-fancy-pypi-readme==25.1.0
DEBUG Assessing Python executable as base candidate: /usr/local/bin/python3
DEBUG Reusing existing build environment for: hatch-fancy-pypi-readme==25.1.0
DEBUG No workspace root found, using project root
DEBUG Using base executable for virtual environment: /usr/local/bin/python3
DEBUG Resolving build requirements
DEBUG Solving with installed Python version: 3.12.13
DEBUG Solving with target Python version: >=3.12.13
DEBUG Adding direct dependency: hatchling*
DEBUG Searching for a compatible version of hatchling (*)
DEBUG Selecting: hatchling==1.29.0 [compatible] (hatchling-1.29.0.tar.gz)
DEBUG Adding transitive dependency for hatchling==1.29.0: packaging>=24.2
DEBUG Adding transitive dependency for hatchling==1.29.0: pathspec>=0.10.1
DEBUG Adding transitive dependency for hatchling==1.29.0: pluggy>=1.0.0
DEBUG Adding transitive dependency for hatchling==1.29.0: trove-classifiers*
DEBUG Searching for a compatible version of packaging (>=24.2)
DEBUG Selecting: packaging==26.2 [compatible] (packaging-26.2.tar.gz)
DEBUG Searching for a compatible version of pathspec (>=0.10.1)
DEBUG Selecting: pathspec==1.1.1 [compatible] (pathspec-1.1.1.tar.gz)
DEBUG Searching for a compatible version of pluggy (>=1.0.0)
DEBUG Selecting: pluggy==1.6.0 [compatible] (pluggy-1.6.0.tar.gz)
DEBUG Searching for a compatible version of trove-classifiers (*)
DEBUG Selecting: trove-classifiers==2026.5.7.17 [compatible] (trove_classifiers-2026.5.7.17.tar.gz)
DEBUG Tried 5 versions: hatchling 1, packaging 1, pathspec 1, pluggy 1, trove-classifiers 1
DEBUG marker environment resolution took 0.001s
DEBUG Installing in pathspec==1.1.1, pluggy==1.6.0, hatchling==1.29.0, trove-classifiers==2026.5.7.17, packaging==26.2 in /root/.cache/uv/builds-v0/.tmpg4BYEV
DEBUG Registry requirement already cached: pathspec==1.1.1
DEBUG Registry requirement already cached: pluggy==1.6.0
DEBUG Registry requirement already cached: hatchling==1.29.0
DEBUG Registry requirement already cached: trove-classifiers==2026.5.7.17
DEBUG Registry requirement already cached: packaging==26.2
DEBUG Installing build requirements: pathspec==1.1.1, pluggy==1.6.0, hatchling==1.29.0, trove-classifiers==2026.5.7.17, packaging==26.2
DEBUG No workspace root found, using project root
DEBUG Calling `flit_core.buildapi.build_wheel("/root/.cache/uv/builds-v0/.tmpgIVjHP", {}, None)`
DEBUG Failed to reflink `/root/.cache/uv/archive-v0/Ex_n-FehKJ7Fvl4coVSck/pathspec-1.1.1.dist-info/METADATA` to `/root/.cache/uv/builds-v0/.tmpg4BYEV/lib/python3.12/site-packages/pathspec-1.1.1.dist-info/METADATA`: Not supported (os error 95), falling back
DEBUG Failed to reflink `/root/.cache/uv/archive-v0/hlAzZ3vvypNfa7vlIdgbx/packaging/_musllinux.py` to `/root/.cache/uv/builds-v0/.tmpg4BYEV/lib/python3.12/site-packages/packaging/_musllinux.py`: Not supported (os error 95), falling back
DEBUG Failed to reflink `/root/.cache/uv/archive-v0/5-YAmaUixIO4KpqS4B0Dq/pluggy/_result.py` to `/root/.cache/uv/builds-v0/.tmpg4BYEV/lib/python3.12/site-packages/pluggy/_result.py`: Not supported (os error 95), falling back
DEBUG Failed to reflink `/root/.cache/uv/archive-v0/HP4E41S8JtNApHYbCloqI/trove_classifiers/__init__.py` to `/root/.cache/uv/builds-v0/.tmpg4BYEV/lib/python3.12/site-packages/trove_classifiers/__init__.py`: Not supported (os error 95), falling back
DEBUG No workspace root found, using project root
DEBUG Installing extra requirements for build backend
DEBUG Solving with installed Python version: 3.12.13
DEBUG Solving with target Python version: >=3.12.13
DEBUG Adding direct dependency: flit-core>=3.11, <5
DEBUG Searching for a compatible version of flit-core (>=3.11, <5)
DEBUG Selecting: flit-core==3.12.0 [compatible] (flit_core-3.12.0.tar.gz)
DEBUG Tried 1 versions: flit-core 1
DEBUG marker environment resolution took 0.000s
DEBUG Failed to reflink `/root/.cache/uv/archive-v0/j_wMouxE4Z0kO6Ix7TY52/hatchling/plugin/utils.py` to `/root/.cache/uv/builds-v0/.tmpg4BYEV/lib/python3.12/site-packages/hatchling/plugin/utils.py`: Not supported (os error 95), falling back
DEBUG Installing in flit-core==3.12.0 in /root/.cache/uv/builds-v0/.tmpcw0zff
DEBUG Requirement already installed: flit-core==3.12.0
DEBUG No build requirements to install for build
DEBUG Calling `flit_core.buildapi.build_wheel("/root/.cache/uv/builds-v0/.tmpR2Gnpw", {}, None)`
DEBUG No workspace root found, using project root
DEBUG Calling `flit_core.buildapi.build_wheel("/root/.cache/uv/builds-v0/.tmpnf9sGk", {}, None)`
   Building anyio==4.13.0
DEBUG Building: anyio==4.13.0
DEBUG Assessing Python executable as base candidate: /usr/local/bin/python3
DEBUG Reusing existing build environment for: anyio==4.13.0
DEBUG No workspace root found, using project root
DEBUG Using base executable for virtual environment: /usr/local/bin/python3
DEBUG Resolving build requirements
DEBUG Solving with installed Python version: 3.12.13
DEBUG Solving with target Python version: >=3.12.13
DEBUG Adding direct dependency: setuptools>=77
DEBUG Adding direct dependency: setuptools-scm>=6.4
DEBUG Searching for a compatible version of setuptools (>=77)
DEBUG Selecting: setuptools==82.0.1 [compatible] (setuptools-82.0.1.tar.gz)
DEBUG No cache entry for: https://pypi.org/simple/setuptools-scm/
DEBUG Sending fresh GET request for: https://pypi.org/simple/setuptools-scm/
DEBUG Searching for a compatible version of setuptools-scm (>=6.4)
DEBUG Selecting: setuptools-scm==10.0.5 [compatible] (setuptools_scm-10.0.5.tar.gz)
DEBUG Found static `pyproject.toml` for: setuptools-scm==10.0.5
DEBUG Adding transitive dependency for setuptools-scm==10.0.5: vcs-versioning>=1.0.0.dev0
DEBUG Adding transitive dependency for setuptools-scm==10.0.5: packaging>=20
DEBUG Adding transitive dependency for setuptools-scm==10.0.5: setuptools*
DEBUG No cache entry for: https://pypi.org/simple/vcs-versioning/
DEBUG Sending fresh GET request for: https://pypi.org/simple/vcs-versioning/
DEBUG Searching for a compatible version of vcs-versioning (>=1.0.0.dev0)
DEBUG Selecting: vcs-versioning==1.1.1 [compatible] (vcs_versioning-1.1.1.tar.gz)
DEBUG Found static `pyproject.toml` for: vcs-versioning==1.1.1
DEBUG Adding transitive dependency for vcs-versioning==1.1.1: packaging>=20
DEBUG Searching for a compatible version of packaging (>=20)
DEBUG Selecting: packaging==26.2 [compatible] (packaging-26.2.tar.gz)
DEBUG Tried 4 versions: packaging 1, setuptools 1, setuptools-scm 1, vcs-versioning 1
DEBUG marker environment resolution took 0.022s
DEBUG Installing in setuptools-scm==10.0.5, setuptools==82.0.1, vcs-versioning==1.1.1, packaging==26.2 in /root/.cache/uv/builds-v0/.tmpnFGIDn
DEBUG Registry requirement already cached: setuptools-scm==10.0.5
DEBUG Registry requirement already cached: setuptools==82.0.1
DEBUG Registry requirement already cached: vcs-versioning==1.1.1
DEBUG Registry requirement already cached: packaging==26.2
DEBUG Installing build requirements: setuptools-scm==10.0.5, setuptools==82.0.1, vcs-versioning==1.1.1, packaging==26.2
DEBUG Failed to reflink `/root/.cache/uv/archive-v0/dRnLrc8mtb7FHIHdLe0_H/setuptools_scm/_get_version.py` to `/root/.cache/uv/builds-v0/.tmpnFGIDn/lib/python3.12/site-packages/setuptools_scm/_get_version.py`: Not supported (os error 95), falling back
DEBUG No workspace root found, using project root
DEBUG Calling `flit_core.buildapi.build_wheel("/root/.cache/uv/builds-v0/.tmpy5myN5", {}, None)`
DEBUG Failed to reflink `/root/.cache/uv/archive-v0/2Puarzm5iXyfdEfwjzsga/vcs_versioning/_toml.py` to `/root/.cache/uv/builds-v0/.tmpnFGIDn/lib/python3.12/site-packages/vcs_versioning/_toml.py`: Not supported (os error 95), falling back
DEBUG Failed to reflink `/root/.cache/uv/archive-v0/hlAzZ3vvypNfa7vlIdgbx/packaging/_musllinux.py` to `/root/.cache/uv/builds-v0/.tmpnFGIDn/lib/python3.12/site-packages/packaging/_musllinux.py`: Not supported (os error 95), falling back
DEBUG Failed to reflink `/root/.cache/uv/archive-v0/vt8tPxWVQ3nUb2hPqoqLz/distutils-precedence.pth` to `/root/.cache/uv/builds-v0/.tmpnFGIDn/lib/python3.12/site-packages/distutils-precedence.pth`: Not supported (os error 95), falling back
DEBUG Creating PEP 517 build environment
DEBUG Calling `hatchling.build.get_requires_for_build_wheel()`
DEBUG Built `blinker==1.9.0` into `blinker-1.9.0-py3-none-any.whl`
      Built blinker==1.9.0
DEBUG No workspace root found, using project root
DEBUG Calling `flit_core.buildapi.build_wheel("/root/.cache/uv/builds-v0/.tmpCoAfgy", {}, None)`
DEBUG No workspace root found, using project root
DEBUG Calling `flit_core.buildapi.build_wheel("/root/.cache/uv/builds-v0/.tmpKbkdSt", {}, None)`
DEBUG Creating PEP 517 build environment
DEBUG Calling `setuptools.build_meta.get_requires_for_build_wheel()`
   Building flask @ file:///hermeto-output/deps/uv/flask-gitcommit-7fff56f5.tar.gz
DEBUG Building: flask @ file:///hermeto-output/deps/uv/flask-gitcommit-7fff56f5.tar.gz
DEBUG Assessing Python executable as base candidate: /usr/local/bin/python3
DEBUG Reusing existing build environment for: flask @ file:///hermeto-output/deps/uv/flask-gitcommit-7fff56f5.tar.gz
DEBUG No workspace root found, using project root
DEBUG Using base executable for virtual environment: /usr/local/bin/python3
DEBUG Resolving build requirements
DEBUG Solving with installed Python version: 3.12.13
DEBUG Solving with target Python version: >=3.12.13
DEBUG Adding direct dependency: flit-core<4
DEBUG Searching for a compatible version of flit-core (<4)
DEBUG Selecting: flit-core==3.12.0 [compatible] (flit_core-3.12.0.tar.gz)
DEBUG Tried 1 versions: flit-core 1
DEBUG marker environment resolution took 0.000s
DEBUG Installing in flit-core==3.12.0 in /root/.cache/uv/builds-v0/.tmpvXpozk
DEBUG Registry requirement already cached: flit-core==3.12.0
DEBUG Installing build requirement: flit-core==3.12.0
DEBUG Built `typing-extensions==4.15.0` into `typing_extensions-4.15.0-py3-none-any.whl`
      Built typing-extensions==4.15.0
DEBUG Failed to reflink `/root/.cache/uv/archive-v0/nnASDGqwd_g8G5i3uW419/flit_core-3.12.0.dist-info/METADATA` to `/root/.cache/uv/builds-v0/.tmpvXpozk/lib/python3.12/site-packages/flit_core-3.12.0.dist-info/METADATA`: Not supported (os error 95), falling back
DEBUG Built `itsdangerous==2.2.0` into `itsdangerous-2.2.0-py3-none-any.whl`
      Built itsdangerous==2.2.0
DEBUG Creating PEP 517 build environment
DEBUG Calling `flit_core.buildapi.get_requires_for_build_wheel()`
   Building werkzeug==3.1.8
DEBUG Building: werkzeug==3.1.8
DEBUG Assessing Python executable as base candidate: /usr/local/bin/python3
DEBUG Reusing existing build environment for: werkzeug==3.1.8
DEBUG No workspace root found, using project root
DEBUG Using base executable for virtual environment: /usr/local/bin/python3
DEBUG Resolving build requirements
DEBUG Solving with installed Python version: 3.12.13
DEBUG Solving with target Python version: >=3.12.13
DEBUG Adding direct dependency: flit-core<4
DEBUG Searching for a compatible version of flit-core (<4)
DEBUG Selecting: flit-core==3.12.0 [compatible] (flit_core-3.12.0.tar.gz)
DEBUG Tried 1 versions: flit-core 1
DEBUG marker environment resolution took 0.000s
DEBUG Installing in flit-core==3.12.0 in /root/.cache/uv/builds-v0/.tmpXmeDqm
DEBUG Registry requirement already cached: flit-core==3.12.0
DEBUG Installing build requirement: flit-core==3.12.0
DEBUG Built `idna==3.15` into `idna-3.15-py3-none-any.whl`
      Built idna==3.15
DEBUG Failed to reflink `/root/.cache/uv/archive-v0/nnASDGqwd_g8G5i3uW419/flit_core-3.12.0.dist-info/METADATA` to `/root/.cache/uv/builds-v0/.tmpXmeDqm/lib/python3.12/site-packages/flit_core-3.12.0.dist-info/METADATA`: Not supported (os error 95), falling back
DEBUG Creating PEP 517 build environment
DEBUG Calling `flit_core.buildapi.get_requires_for_build_wheel()`
DEBUG /root/.cache/uv/builds-v0/.tmpKVk45K/lib/python3.12/site-packages/setuptools/dist.py:332: InformationOnly: Normalizing '2026.04.22' to '2026.4.22'
DEBUG   self.metadata.version = self._normalize_version(self.metadata.version)
DEBUG /root/.cache/uv/builds-v0/.tmpKVk45K/lib/python3.12/site-packages/setuptools/dist.py:765: SetuptoolsDeprecationWarning: License classifiers are deprecated.
DEBUG !!
DEBUG 
DEBUG         ********************************************************************************
DEBUG         Please consider removing the following classifiers in favor of a SPDX license expression:
DEBUG 
DEBUG         License :: OSI Approved :: Mozilla Public License 2.0 (MPL 2.0)
DEBUG 
DEBUG         See https://packaging.python.org/en/latest/guides/writing-pyproject-toml/#license for details.
DEBUG         ********************************************************************************
DEBUG 
DEBUG !!
DEBUG   self._finalize_license_expression()
DEBUG Built `click==8.1.8` into `click-8.1.8-py3-none-any.whl`
      Built click==8.1.8
DEBUG Built `jinja2==3.1.6` into `jinja2-3.1.6-py3-none-any.whl`
      Built jinja2==3.1.6
DEBUG running egg_info
DEBUG writing certifi.egg-info/PKG-INFO
DEBUG writing dependency_links to certifi.egg-info/dependency_links.txt
DEBUG writing top-level names to certifi.egg-info/top_level.txt
DEBUG No workspace root found, using project root
DEBUG Calling `hatchling.build.build_wheel("/root/.cache/uv/builds-v0/.tmpAjzeBJ", {}, None)`
DEBUG No workspace root found, using project root
DEBUG Calling `flit_core.buildapi.build_wheel("/root/.cache/uv/builds-v0/.tmpUaCCj8", {}, None)`
DEBUG reading manifest file 'certifi.egg-info/SOURCES.txt'
DEBUG reading manifest template 'MANIFEST.in'
DEBUG warning: no previously-included files found matching '.github'
DEBUG warning: manifest_maker: MANIFEST.in, line 4: 'recursive-exclude' expects <dir> <pattern1> <pattern2> ...
DEBUG 
DEBUG adding license file 'LICENSE'
DEBUG writing manifest file 'certifi.egg-info/SOURCES.txt'
DEBUG No workspace root found, using project root
DEBUG Calling `flit_core.buildapi.build_wheel("/root/.cache/uv/builds-v0/.tmpz8j9zI", {}, None)`
DEBUG Locking the source tree for setuptools
DEBUG Calling `setuptools.build_meta.build_wheel("/root/.cache/uv/builds-v0/.tmpeDP1tT", {}, None)`
DEBUG /root/.cache/uv/builds-v0/.tmp9cGKQn/lib/python3.12/site-packages/setuptools/dist.py:765: SetuptoolsDeprecationWarning: License classifiers are deprecated.
DEBUG !!
DEBUG 
DEBUG         ********************************************************************************
DEBUG         Please consider removing the following classifiers in favor of a SPDX license expression:
DEBUG 
DEBUG         License :: OSI Approved :: MIT License
DEBUG 
DEBUG         See https://packaging.python.org/en/latest/guides/writing-pyproject-toml/#license for details.
DEBUG         ********************************************************************************
DEBUG 
DEBUG !!
DEBUG   self._finalize_license_expression()
DEBUG running egg_info
DEBUG writing h11.egg-info/PKG-INFO
DEBUG writing dependency_links to h11.egg-info/dependency_links.txt
DEBUG writing top-level names to h11.egg-info/top_level.txt
DEBUG reading manifest file 'h11.egg-info/SOURCES.txt'
DEBUG reading manifest template 'MANIFEST.in'
DEBUG warning: no files found matching 'tiny-client-demo.py'
DEBUG no previously-included directories found matching 'docs/build'
DEBUG adding license file 'LICENSE.txt'
DEBUG writing manifest file 'h11.egg-info/SOURCES.txt'
DEBUG Built `flask @ file:///hermeto-output/deps/uv/flask-gitcommit-7fff56f5.tar.gz` into `flask-3.1.1-py3-none-any.whl`
      Built flask @ file:///hermeto-output/deps/uv/flask-gitcommit-7fff56f5.tar.gz
DEBUG Locking the source tree for setuptools
DEBUG Calling `setuptools.build_meta:__legacy__.build_wheel("/root/.cache/uv/builds-v0/.tmpuvDE8z", {}, None)`
DEBUG Built `werkzeug==3.1.8` into `werkzeug-3.1.8-py3-none-any.whl`
      Built werkzeug==3.1.8
DEBUG running egg_info
DEBUG writing src/MarkupSafe.egg-info/PKG-INFO
DEBUG writing dependency_links to src/MarkupSafe.egg-info/dependency_links.txt
DEBUG writing top-level names to src/MarkupSafe.egg-info/top_level.txt
DEBUG /root/.cache/uv/builds-v0/.tmpKVk45K/lib/python3.12/site-packages/setuptools/dist.py:332: InformationOnly: Normalizing '2026.04.22' to '2026.4.22'
DEBUG   self.metadata.version = self._normalize_version(self.metadata.version)
DEBUG Built `hatch-fancy-pypi-readme==25.1.0` into `hatch_fancy_pypi_readme-25.1.0-py3-none-any.whl`
DEBUG /root/.cache/uv/builds-v0/.tmpKVk45K/lib/python3.12/site-packages/setuptools/dist.py:765: SetuptoolsDeprecationWarning: License classifiers are deprecated.
DEBUG !!
DEBUG 
DEBUG         ********************************************************************************
DEBUG         Please consider removing the following classifiers in favor of a SPDX license expression:
DEBUG 
DEBUG         License :: OSI Approved :: Mozilla Public License 2.0 (MPL 2.0)
DEBUG 
DEBUG         See https://packaging.python.org/en/latest/guides/writing-pyproject-toml/#license for details.
DEBUG         ********************************************************************************
DEBUG 
DEBUG !!
DEBUG   self._finalize_license_expression()
DEBUG reading manifest file 'src/MarkupSafe.egg-info/SOURCES.txt'
DEBUG Installing build requirements: hatch-fancy-pypi-readme==25.1.0, pathspec==1.1.1, pluggy==1.6.0, hatchling==1.29.0, trove-classifiers==2026.5.7.17, packaging==26.2
DEBUG Installing build requirements: hatch-fancy-pypi-readme==25.1.0, pathspec==1.1.1, pluggy==1.6.0, hatchling==1.29.0, trove-classifiers==2026.5.7.17, packaging==26.2
DEBUG Failed to reflink `/root/.cache/uv/archive-v0/6Bsij4iQ6JcI51I_LL0XG/hatch_fancy_pypi_readme-25.1.0.dist-info/METADATA` to `/root/.cache/uv/builds-v0/.tmpcmvWrd/lib/python3.12/site-packages/hatch_fancy_pypi_readme-25.1.0.dist-info/METADATA`: Not supported (os error 95), falling back
DEBUG Failed to reflink `/root/.cache/uv/archive-v0/6Bsij4iQ6JcI51I_LL0XG/hatch_fancy_pypi_readme-25.1.0.dist-info/METADATA` to `/root/.cache/uv/builds-v0/.tmpL5mWtm/lib/python3.12/site-packages/hatch_fancy_pypi_readme-25.1.0.dist-info/METADATA`: Not supported (os error 95), falling back
DEBUG Failed to reflink `/root/.cache/uv/archive-v0/5-YAmaUixIO4KpqS4B0Dq/pluggy/_result.py` to `/root/.cache/uv/builds-v0/.tmpcmvWrd/lib/python3.12/site-packages/pluggy/_result.py`: Not supported (os error 95), falling back
DEBUG Failed to reflink `/root/.cache/uv/archive-v0/Ex_n-FehKJ7Fvl4coVSck/pathspec-1.1.1.dist-info/METADATA` to `/root/.cache/uv/builds-v0/.tmpL5mWtm/lib/python3.12/site-packages/pathspec-1.1.1.dist-info/METADATA`: Not supported (os error 95), falling back
DEBUG Failed to reflink `/root/.cache/uv/archive-v0/hlAzZ3vvypNfa7vlIdgbx/packaging/_musllinux.py` to `/root/.cache/uv/builds-v0/.tmpL5mWtm/lib/python3.12/site-packages/packaging/_musllinux.py`: Not supported (os error 95), falling back
DEBUG Failed to reflink `/root/.cache/uv/archive-v0/hlAzZ3vvypNfa7vlIdgbx/packaging/_musllinux.py` to `/root/.cache/uv/builds-v0/.tmpcmvWrd/lib/python3.12/site-packages/packaging/_musllinux.py`: Not supported (os error 95), falling back
DEBUG reading manifest template 'MANIFEST.in'
DEBUG no previously-included directories found matching 'docs/_build'
DEBUG warning: no previously-included files matching '*.pyc' found anywhere in distribution
DEBUG adding license file 'LICENSE.txt'
DEBUG Failed to reflink `/root/.cache/uv/archive-v0/j_wMouxE4Z0kO6Ix7TY52/hatchling/plugin/utils.py` to `/root/.cache/uv/builds-v0/.tmpL5mWtm/lib/python3.12/site-packages/hatchling/plugin/utils.py`: Not supported (os error 95), falling back
DEBUG writing manifest file 'src/MarkupSafe.egg-info/SOURCES.txt'
DEBUG Failed to reflink `/root/.cache/uv/archive-v0/HP4E41S8JtNApHYbCloqI/trove_classifiers/__init__.py` to `/root/.cache/uv/builds-v0/.tmpL5mWtm/lib/python3.12/site-packages/trove_classifiers/__init__.py`: Not supported (os error 95), falling back
DEBUG Failed to reflink `/root/.cache/uv/archive-v0/5-YAmaUixIO4KpqS4B0Dq/pluggy/_result.py` to `/root/.cache/uv/builds-v0/.tmpL5mWtm/lib/python3.12/site-packages/pluggy/_result.py`: Not supported (os error 95), falling back
DEBUG Failed to reflink `/root/.cache/uv/archive-v0/j_wMouxE4Z0kO6Ix7TY52/hatchling/plugin/utils.py` to `/root/.cache/uv/builds-v0/.tmpcmvWrd/lib/python3.12/site-packages/hatchling/plugin/utils.py`: Not supported (os error 95), falling back
DEBUG Failed to reflink `/root/.cache/uv/archive-v0/HP4E41S8JtNApHYbCloqI/trove_classifiers/__init__.py` to `/root/.cache/uv/builds-v0/.tmpcmvWrd/lib/python3.12/site-packages/trove_classifiers/__init__.py`: Not supported (os error 95), falling back
DEBUG Failed to reflink `/root/.cache/uv/archive-v0/Ex_n-FehKJ7Fvl4coVSck/pathspec-1.1.1.dist-info/METADATA` to `/root/.cache/uv/builds-v0/.tmpcmvWrd/lib/python3.12/site-packages/pathspec-1.1.1.dist-info/METADATA`: Not supported (os error 95), falling back
DEBUG Creating PEP 517 build environment
DEBUG Calling `hatchling.build.get_requires_for_build_wheel()`
DEBUG running bdist_wheel
DEBUG Creating PEP 517 build environment
DEBUG Calling `hatchling.build.get_requires_for_build_wheel()`
DEBUG running build
DEBUG running build_py
DEBUG creating build/lib/certifi
DEBUG copying certifi/__init__.py -> build/lib/certifi
DEBUG copying certifi/core.py -> build/lib/certifi
DEBUG copying certifi/__main__.py -> build/lib/certifi
DEBUG running egg_info
DEBUG writing certifi.egg-info/PKG-INFO
DEBUG writing dependency_links to certifi.egg-info/dependency_links.txt
DEBUG writing top-level names to certifi.egg-info/top_level.txt
DEBUG No workspace root found, using project root
DEBUG Locking the source tree for setuptools
DEBUG reading manifest file 'certifi.egg-info/SOURCES.txt'
DEBUG Calling `setuptools.build_meta.build_wheel("/root/.cache/uv/builds-v0/.tmpANzKsx", {}, None)`
DEBUG reading manifest template 'MANIFEST.in'
DEBUG warning: no previously-included files found matching '.github'
DEBUG warning: manifest_maker: MANIFEST.in, line 4: 'recursive-exclude' expects <dir> <pattern1> <pattern2> ...
DEBUG 
DEBUG adding license file 'LICENSE'
DEBUG writing manifest file 'certifi.egg-info/SOURCES.txt'
DEBUG copying certifi/cacert.pem -> build/lib/certifi
DEBUG copying certifi/py.typed -> build/lib/certifi
DEBUG installing to build/bdist.linux-x86_64/wheel
DEBUG running install
DEBUG running install_lib
DEBUG creating build/bdist.linux-x86_64/wheel
DEBUG creating build/bdist.linux-x86_64/wheel/certifi
DEBUG copying build/lib/certifi/cacert.pem -> build/bdist.linux-x86_64/wheel/./certifi
DEBUG copying build/lib/certifi/__init__.py -> build/bdist.linux-x86_64/wheel/./certifi
DEBUG copying build/lib/certifi/core.py -> build/bdist.linux-x86_64/wheel/./certifi
DEBUG copying build/lib/certifi/__main__.py -> build/bdist.linux-x86_64/wheel/./certifi
DEBUG copying build/lib/certifi/py.typed -> build/bdist.linux-x86_64/wheel/./certifi
DEBUG running install_egg_info
DEBUG Copying certifi.egg-info to build/bdist.linux-x86_64/wheel/./certifi-2026.4.22-py3.12.egg-info
DEBUG running install_scripts
DEBUG creating build/bdist.linux-x86_64/wheel/certifi-2026.4.22.dist-info/WHEEL
DEBUG creating '/root/.cache/uv/builds-v0/.tmpeDP1tT/.tmp-de4z5c5e/certifi-2026.4.22-py3-none-any.whl' and adding 'build/bdist.linux-x86_64/wheel' to it
DEBUG adding 'certifi/__init__.py'
DEBUG adding 'certifi/__main__.py'
DEBUG adding 'certifi/cacert.pem'
DEBUG adding 'certifi/core.py'
DEBUG adding 'certifi/py.typed'
DEBUG adding 'certifi-2026.4.22.dist-info/licenses/LICENSE'
DEBUG adding 'certifi-2026.4.22.dist-info/METADATA'
DEBUG adding 'certifi-2026.4.22.dist-info/WHEEL'
DEBUG adding 'certifi-2026.4.22.dist-info/top_level.txt'
DEBUG adding 'certifi-2026.4.22.dist-info/RECORD'
DEBUG removing build/bdist.linux-x86_64/wheel
DEBUG /root/.cache/uv/builds-v0/.tmp9cGKQn/lib/python3.12/site-packages/setuptools/dist.py:765: SetuptoolsDeprecationWarning: License classifiers are deprecated.
DEBUG !!
DEBUG 
DEBUG         ********************************************************************************
DEBUG         Please consider removing the following classifiers in favor of a SPDX license expression:
DEBUG 
DEBUG         License :: OSI Approved :: MIT License
DEBUG 
DEBUG         See https://packaging.python.org/en/latest/guides/writing-pyproject-toml/#license for details.
DEBUG         ********************************************************************************
DEBUG 
DEBUG !!
DEBUG   self._finalize_license_expression()
DEBUG running bdist_wheel
DEBUG Built `certifi==2026.4.22` into `certifi-2026.4.22-py3-none-any.whl`
      Built certifi==2026.4.22
DEBUG running build
DEBUG running build_py
DEBUG creating build/lib/h11
DEBUG copying h11/_readers.py -> build/lib/h11
DEBUG copying h11/_util.py -> build/lib/h11
DEBUG copying h11/_receivebuffer.py -> build/lib/h11
DEBUG copying h11/_headers.py -> build/lib/h11
DEBUG copying h11/_version.py -> build/lib/h11
DEBUG copying h11/_events.py -> build/lib/h11
DEBUG copying h11/__init__.py -> build/lib/h11
DEBUG copying h11/_abnf.py -> build/lib/h11
DEBUG copying h11/_writers.py -> build/lib/h11
DEBUG copying h11/_state.py -> build/lib/h11
DEBUG copying h11/_connection.py -> build/lib/h11
DEBUG copying h11/py.typed -> build/lib/h11
DEBUG installing to build/bdist.linux-x86_64/wheel
DEBUG running install
DEBUG running install_lib
DEBUG creating build/bdist.linux-x86_64/wheel
DEBUG creating build/bdist.linux-x86_64/wheel/h11
DEBUG copying build/lib/h11/_readers.py -> build/bdist.linux-x86_64/wheel/./h11
DEBUG copying build/lib/h11/_util.py -> build/bdist.linux-x86_64/wheel/./h11
DEBUG copying build/lib/h11/_receivebuffer.py -> build/bdist.linux-x86_64/wheel/./h11
DEBUG copying build/lib/h11/_headers.py -> build/bdist.linux-x86_64/wheel/./h11
DEBUG copying build/lib/h11/_version.py -> build/bdist.linux-x86_64/wheel/./h11
DEBUG copying build/lib/h11/_events.py -> build/bdist.linux-x86_64/wheel/./h11
DEBUG copying build/lib/h11/__init__.py -> build/bdist.linux-x86_64/wheel/./h11
DEBUG copying build/lib/h11/_abnf.py -> build/bdist.linux-x86_64/wheel/./h11
DEBUG copying build/lib/h11/_writers.py -> build/bdist.linux-x86_64/wheel/./h11
DEBUG copying build/lib/h11/_state.py -> build/bdist.linux-x86_64/wheel/./h11
DEBUG copying build/lib/h11/_connection.py -> build/bdist.linux-x86_64/wheel/./h11
DEBUG copying build/lib/h11/py.typed -> build/bdist.linux-x86_64/wheel/./h11
DEBUG running install_egg_info
DEBUG running egg_info
DEBUG writing h11.egg-info/PKG-INFO
DEBUG writing dependency_links to h11.egg-info/dependency_links.txt
DEBUG writing top-level names to h11.egg-info/top_level.txt
DEBUG reading manifest file 'h11.egg-info/SOURCES.txt'
DEBUG reading manifest template 'MANIFEST.in'
DEBUG warning: no files found matching 'tiny-client-demo.py'
DEBUG no previously-included directories found matching 'docs/build'
DEBUG adding license file 'LICENSE.txt'
DEBUG writing manifest file 'h11.egg-info/SOURCES.txt'
DEBUG Copying h11.egg-info to build/bdist.linux-x86_64/wheel/./h11-0.16.0-py3.12.egg-info
DEBUG running install_scripts
DEBUG creating build/bdist.linux-x86_64/wheel/h11-0.16.0.dist-info/WHEEL
DEBUG creating '/root/.cache/uv/builds-v0/.tmpuvDE8z/.tmp-i3cw9ok1/h11-0.16.0-py3-none-any.whl' and adding 'build/bdist.linux-x86_64/wheel' to it
DEBUG No workspace root found, using project root
DEBUG Calling `hatchling.build.build_wheel("/root/.cache/uv/builds-v0/.tmpfJ0TJF", {}, None)`
DEBUG adding 'h11/__init__.py'
DEBUG adding 'h11/_abnf.py'
DEBUG adding 'h11/_connection.py'
DEBUG adding 'h11/_events.py'
DEBUG adding 'h11/_headers.py'
DEBUG adding 'h11/_readers.py'
DEBUG No workspace root found, using project root
DEBUG Calling `hatchling.build.build_wheel("/root/.cache/uv/builds-v0/.tmpTkEQzs", {}, None)`
DEBUG adding 'h11/_receivebuffer.py'
DEBUG adding 'h11/_state.py'
DEBUG adding 'h11/_util.py'
DEBUG adding 'h11/_version.py'
DEBUG adding 'h11/_writers.py'
DEBUG adding 'h11/py.typed'
DEBUG adding 'h11-0.16.0.dist-info/licenses/LICENSE.txt'
DEBUG running egg_info
DEBUG adding 'h11-0.16.0.dist-info/METADATA'
DEBUG adding 'h11-0.16.0.dist-info/WHEEL'
DEBUG adding 'h11-0.16.0.dist-info/top_level.txt'
DEBUG adding 'h11-0.16.0.dist-info/RECORD'
DEBUG removing build/bdist.linux-x86_64/wheel
DEBUG writing src/anyio.egg-info/PKG-INFO
DEBUG writing dependency_links to src/anyio.egg-info/dependency_links.txt
DEBUG writing entry points to src/anyio.egg-info/entry_points.txt
DEBUG writing requirements to src/anyio.egg-info/requires.txt
DEBUG writing top-level names to src/anyio.egg-info/top_level.txt
DEBUG /root/.cache/uv/builds-v0/.tmpnFGIDn/lib/python3.12/site-packages/vcs_versioning/overrides.py:609: UserWarning: No GlobalOverrides context is active. Auto-creating one with SETUPTOOLS_SCM prefix for backwards compatibility. Consider using 'with GlobalOverrides.from_env("YOUR_TOOL"):' explicitly.
DEBUG   return get_active_overrides().subprocess_timeout
DEBUG reading manifest file 'src/anyio.egg-info/SOURCES.txt'
DEBUG adding license file 'LICENSE'
DEBUG writing manifest file 'src/anyio.egg-info/SOURCES.txt'
DEBUG running bdist_wheel
DEBUG running build
DEBUG running build_py
DEBUG creating build/lib.linux-x86_64-cpython-312/markupsafe
DEBUG Built `h11==0.16.0` into `h11-0.16.0-py3-none-any.whl`
      Built h11==0.16.0
DEBUG copying src/markupsafe/_native.py -> build/lib.linux-x86_64-cpython-312/markupsafe
DEBUG copying src/markupsafe/__init__.py -> build/lib.linux-x86_64-cpython-312/markupsafe
DEBUG running egg_info
DEBUG writing src/MarkupSafe.egg-info/PKG-INFO
DEBUG writing dependency_links to src/MarkupSafe.egg-info/dependency_links.txt
DEBUG writing top-level names to src/MarkupSafe.egg-info/top_level.txt
DEBUG reading manifest file 'src/MarkupSafe.egg-info/SOURCES.txt'
DEBUG reading manifest template 'MANIFEST.in'
DEBUG no previously-included directories found matching 'docs/_build'
DEBUG warning: no previously-included files matching '*.pyc' found anywhere in distribution
DEBUG adding license file 'LICENSE.txt'
DEBUG writing manifest file 'src/MarkupSafe.egg-info/SOURCES.txt'
DEBUG copying src/markupsafe/_speedups.c -> build/lib.linux-x86_64-cpython-312/markupsafe
DEBUG copying src/markupsafe/_speedups.pyi -> build/lib.linux-x86_64-cpython-312/markupsafe
DEBUG copying src/markupsafe/py.typed -> build/lib.linux-x86_64-cpython-312/markupsafe
DEBUG running build_ext
DEBUG building 'markupsafe._speedups' extension
DEBUG creating build/temp.linux-x86_64-cpython-312/src/markupsafe
DEBUG gcc -fno-strict-overflow -Wsign-compare -DNDEBUG -g -O3 -Wall -fPIC -I/root/.cache/uv/builds-v0/.tmpkLbRDS/include -I/usr/local/include/python3.12 -c src/markupsafe/_speedups.c -o build/temp.linux-x86_64-cpython-312/src/markupsafe/_speedups.o
DEBUG ==========================================================================
DEBUG WARNING: The C extension could not be compiled, speedups are not enabled.
DEBUG Failure information, if any, is above.
DEBUG Retrying the build without the C extension now.
DEBUG ==========================================================================
DEBUG running bdist_wheel
DEBUG running build
DEBUG running build_py
DEBUG creating build/lib/markupsafe
DEBUG copying src/markupsafe/_native.py -> build/lib/markupsafe
DEBUG copying src/markupsafe/__init__.py -> build/lib/markupsafe
DEBUG No workspace root found, using project root
DEBUG Locking the source tree for setuptools
DEBUG Calling `setuptools.build_meta.build_wheel("/root/.cache/uv/builds-v0/.tmpq4sRbG", {}, None)`
DEBUG running egg_info
DEBUG writing src/MarkupSafe.egg-info/PKG-INFO
DEBUG writing dependency_links to src/MarkupSafe.egg-info/dependency_links.txt
DEBUG writing top-level names to src/MarkupSafe.egg-info/top_level.txt
DEBUG reading manifest file 'src/MarkupSafe.egg-info/SOURCES.txt'
DEBUG reading manifest template 'MANIFEST.in'
DEBUG no previously-included directories found matching 'docs/_build'
DEBUG warning: no previously-included files matching '*.pyc' found anywhere in distribution
DEBUG adding license file 'LICENSE.txt'
DEBUG writing manifest file 'src/MarkupSafe.egg-info/SOURCES.txt'
DEBUG copying src/markupsafe/_speedups.c -> build/lib/markupsafe
DEBUG copying src/markupsafe/_speedups.pyi -> build/lib/markupsafe
DEBUG copying src/markupsafe/py.typed -> build/lib/markupsafe
DEBUG installing to build/bdist.linux-x86_64/wheel
DEBUG running install
DEBUG running install_lib
DEBUG creating build/bdist.linux-x86_64/wheel
DEBUG creating build/bdist.linux-x86_64/wheel/markupsafe
DEBUG copying build/lib/markupsafe/_native.py -> build/bdist.linux-x86_64/wheel/./markupsafe
DEBUG copying build/lib/markupsafe/__init__.py -> build/bdist.linux-x86_64/wheel/./markupsafe
DEBUG copying build/lib/markupsafe/_speedups.pyi -> build/bdist.linux-x86_64/wheel/./markupsafe
DEBUG copying build/lib/markupsafe/_speedups.c -> build/bdist.linux-x86_64/wheel/./markupsafe
DEBUG copying build/lib/markupsafe/py.typed -> build/bdist.linux-x86_64/wheel/./markupsafe
DEBUG running install_egg_info
DEBUG Copying src/MarkupSafe.egg-info to build/bdist.linux-x86_64/wheel/./MarkupSafe-3.0.3-py3.12.egg-info
DEBUG running install_scripts
DEBUG creating build/bdist.linux-x86_64/wheel/markupsafe-3.0.3.dist-info/WHEEL
DEBUG creating '/root/.cache/uv/builds-v0/.tmpANzKsx/.tmp-_oabsg13/markupsafe-3.0.3-py3-none-any.whl' and adding 'build/bdist.linux-x86_64/wheel' to it
DEBUG adding 'markupsafe/__init__.py'
DEBUG adding 'markupsafe/_native.py'
DEBUG adding 'markupsafe/_speedups.c'
DEBUG adding 'markupsafe/_speedups.pyi'
DEBUG adding 'markupsafe/py.typed'
DEBUG adding 'markupsafe-3.0.3.dist-info/licenses/LICENSE.txt'
DEBUG adding 'markupsafe-3.0.3.dist-info/METADATA'
DEBUG adding 'markupsafe-3.0.3.dist-info/WHEEL'
DEBUG adding 'markupsafe-3.0.3.dist-info/top_level.txt'
DEBUG adding 'markupsafe-3.0.3.dist-info/RECORD'
DEBUG removing build/bdist.linux-x86_64/wheel
DEBUG ==========================================================================
DEBUG WARNING: The C extension could not be compiled, speedups are not enabled.
DEBUG Plain-Python build succeeded.
DEBUG ==========================================================================
DEBUG Built `markupsafe==3.0.3` into `markupsafe-3.0.3-py3-none-any.whl`
      Built markupsafe==3.0.3
DEBUG Built `httpx @ file:///hermeto-output/deps/uv/httpx-0.28.1.tar.gz` into `httpx-0.28.1-py3-none-any.whl`
      Built httpx @ file:///hermeto-output/deps/uv/httpx-0.28.1.tar.gz
DEBUG Built `httpcore==1.0.9` into `httpcore-1.0.9-py3-none-any.whl`
      Built httpcore==1.0.9
DEBUG running bdist_wheel
DEBUG running build
DEBUG running build_py
DEBUG creating build/lib/anyio
DEBUG copying src/anyio/lowlevel.py -> build/lib/anyio
DEBUG copying src/anyio/from_thread.py -> build/lib/anyio
DEBUG copying src/anyio/functools.py -> build/lib/anyio
DEBUG copying src/anyio/to_thread.py -> build/lib/anyio
DEBUG copying src/anyio/pytest_plugin.py -> build/lib/anyio
DEBUG copying src/anyio/to_interpreter.py -> build/lib/anyio
DEBUG copying src/anyio/__init__.py -> build/lib/anyio
DEBUG copying src/anyio/to_process.py -> build/lib/anyio
DEBUG creating build/lib/anyio/_core
DEBUG copying src/anyio/_core/_contextmanagers.py -> build/lib/anyio/_core
DEBUG copying src/anyio/_core/_typedattr.py -> build/lib/anyio/_core
DEBUG copying src/anyio/_core/_signals.py -> build/lib/anyio/_core
DEBUG copying src/anyio/_core/_eventloop.py -> build/lib/anyio/_core
DEBUG copying src/anyio/_core/_subprocesses.py -> build/lib/anyio/_core
DEBUG copying src/anyio/_core/_sockets.py -> build/lib/anyio/_core
DEBUG copying src/anyio/_core/_testing.py -> build/lib/anyio/_core
DEBUG copying src/anyio/_core/__init__.py -> build/lib/anyio/_core
DEBUG copying src/anyio/_core/_synchronization.py -> build/lib/anyio/_core
DEBUG copying src/anyio/_core/_exceptions.py -> build/lib/anyio/_core
DEBUG copying src/anyio/_core/_streams.py -> build/lib/anyio/_core
DEBUG copying src/anyio/_core/_resources.py -> build/lib/anyio/_core
DEBUG copying src/anyio/_core/_tasks.py -> build/lib/anyio/_core
DEBUG copying src/anyio/_core/_fileio.py -> build/lib/anyio/_core
DEBUG copying src/anyio/_core/_tempfile.py -> build/lib/anyio/_core
DEBUG copying src/anyio/_core/_asyncio_selector_thread.py -> build/lib/anyio/_core
DEBUG creating build/lib/anyio/_backends
DEBUG copying src/anyio/_backends/_trio.py -> build/lib/anyio/_backends
DEBUG copying src/anyio/_backends/_asyncio.py -> build/lib/anyio/_backends
DEBUG copying src/anyio/_backends/__init__.py -> build/lib/anyio/_backends
DEBUG creating build/lib/anyio/abc
DEBUG copying src/anyio/abc/_eventloop.py -> build/lib/anyio/abc
DEBUG copying src/anyio/abc/_subprocesses.py -> build/lib/anyio/abc
DEBUG copying src/anyio/abc/_sockets.py -> build/lib/anyio/abc
DEBUG copying src/anyio/abc/_testing.py -> build/lib/anyio/abc
DEBUG copying src/anyio/abc/__init__.py -> build/lib/anyio/abc
DEBUG copying src/anyio/abc/_streams.py -> build/lib/anyio/abc
DEBUG copying src/anyio/abc/_resources.py -> build/lib/anyio/abc
DEBUG copying src/anyio/abc/_tasks.py -> build/lib/anyio/abc
DEBUG creating build/lib/anyio/streams
DEBUG copying src/anyio/streams/text.py -> build/lib/anyio/streams
DEBUG copying src/anyio/streams/buffered.py -> build/lib/anyio/streams
DEBUG copying src/anyio/streams/memory.py -> build/lib/anyio/streams
DEBUG copying src/anyio/streams/__init__.py -> build/lib/anyio/streams
DEBUG copying src/anyio/streams/file.py -> build/lib/anyio/streams
DEBUG copying src/anyio/streams/tls.py -> build/lib/anyio/streams
DEBUG copying src/anyio/streams/stapled.py -> build/lib/anyio/streams
DEBUG running egg_info
DEBUG writing src/anyio.egg-info/PKG-INFO
DEBUG writing dependency_links to src/anyio.egg-info/dependency_links.txt
DEBUG writing entry points to src/anyio.egg-info/entry_points.txt
DEBUG writing requirements to src/anyio.egg-info/requires.txt
DEBUG writing top-level names to src/anyio.egg-info/top_level.txt
DEBUG /root/.cache/uv/builds-v0/.tmpnFGIDn/lib/python3.12/site-packages/vcs_versioning/overrides.py:609: UserWarning: No GlobalOverrides context is active. Auto-creating one with SETUPTOOLS_SCM prefix for backwards compatibility. Consider using 'with GlobalOverrides.from_env("YOUR_TOOL"):' explicitly.
DEBUG   return get_active_overrides().subprocess_timeout
DEBUG reading manifest file 'src/anyio.egg-info/SOURCES.txt'
DEBUG adding license file 'LICENSE'
DEBUG writing manifest file 'src/anyio.egg-info/SOURCES.txt'
DEBUG copying src/anyio/py.typed -> build/lib/anyio
DEBUG installing to build/bdist.linux-x86_64/wheel
DEBUG running install
DEBUG running install_lib
DEBUG creating build/bdist.linux-x86_64/wheel
DEBUG creating build/bdist.linux-x86_64/wheel/anyio
DEBUG copying build/lib/anyio/lowlevel.py -> build/bdist.linux-x86_64/wheel/./anyio
DEBUG copying build/lib/anyio/from_thread.py -> build/bdist.linux-x86_64/wheel/./anyio
DEBUG copying build/lib/anyio/functools.py -> build/bdist.linux-x86_64/wheel/./anyio
DEBUG copying build/lib/anyio/to_thread.py -> build/bdist.linux-x86_64/wheel/./anyio
DEBUG copying build/lib/anyio/pytest_plugin.py -> build/bdist.linux-x86_64/wheel/./anyio
DEBUG creating build/bdist.linux-x86_64/wheel/anyio/_core
DEBUG copying build/lib/anyio/_core/_contextmanagers.py -> build/bdist.linux-x86_64/wheel/./anyio/_core
DEBUG copying build/lib/anyio/_core/_typedattr.py -> build/bdist.linux-x86_64/wheel/./anyio/_core
DEBUG copying build/lib/anyio/_core/_signals.py -> build/bdist.linux-x86_64/wheel/./anyio/_core
DEBUG copying build/lib/anyio/_core/_eventloop.py -> build/bdist.linux-x86_64/wheel/./anyio/_core
DEBUG copying build/lib/anyio/_core/_subprocesses.py -> build/bdist.linux-x86_64/wheel/./anyio/_core
DEBUG copying build/lib/anyio/_core/_sockets.py -> build/bdist.linux-x86_64/wheel/./anyio/_core
DEBUG copying build/lib/anyio/_core/_testing.py -> build/bdist.linux-x86_64/wheel/./anyio/_core
DEBUG copying build/lib/anyio/_core/__init__.py -> build/bdist.linux-x86_64/wheel/./anyio/_core
DEBUG copying build/lib/anyio/_core/_synchronization.py -> build/bdist.linux-x86_64/wheel/./anyio/_core
DEBUG copying build/lib/anyio/_core/_exceptions.py -> build/bdist.linux-x86_64/wheel/./anyio/_core
DEBUG copying build/lib/anyio/_core/_streams.py -> build/bdist.linux-x86_64/wheel/./anyio/_core
DEBUG copying build/lib/anyio/_core/_resources.py -> build/bdist.linux-x86_64/wheel/./anyio/_core
DEBUG copying build/lib/anyio/_core/_tasks.py -> build/bdist.linux-x86_64/wheel/./anyio/_core
DEBUG copying build/lib/anyio/_core/_fileio.py -> build/bdist.linux-x86_64/wheel/./anyio/_core
DEBUG copying build/lib/anyio/_core/_tempfile.py -> build/bdist.linux-x86_64/wheel/./anyio/_core
DEBUG copying build/lib/anyio/_core/_asyncio_selector_thread.py -> build/bdist.linux-x86_64/wheel/./anyio/_core
DEBUG creating build/bdist.linux-x86_64/wheel/anyio/_backends
DEBUG copying build/lib/anyio/_backends/_trio.py -> build/bdist.linux-x86_64/wheel/./anyio/_backends
DEBUG copying build/lib/anyio/_backends/_asyncio.py -> build/bdist.linux-x86_64/wheel/./anyio/_backends
DEBUG copying build/lib/anyio/_backends/__init__.py -> build/bdist.linux-x86_64/wheel/./anyio/_backends
DEBUG copying build/lib/anyio/to_interpreter.py -> build/bdist.linux-x86_64/wheel/./anyio
DEBUG creating build/bdist.linux-x86_64/wheel/anyio/abc
DEBUG copying build/lib/anyio/abc/_eventloop.py -> build/bdist.linux-x86_64/wheel/./anyio/abc
DEBUG copying build/lib/anyio/abc/_subprocesses.py -> build/bdist.linux-x86_64/wheel/./anyio/abc
DEBUG copying build/lib/anyio/abc/_sockets.py -> build/bdist.linux-x86_64/wheel/./anyio/abc
DEBUG copying build/lib/anyio/abc/_testing.py -> build/bdist.linux-x86_64/wheel/./anyio/abc
DEBUG copying build/lib/anyio/abc/__init__.py -> build/bdist.linux-x86_64/wheel/./anyio/abc
DEBUG copying build/lib/anyio/abc/_streams.py -> build/bdist.linux-x86_64/wheel/./anyio/abc
DEBUG copying build/lib/anyio/abc/_resources.py -> build/bdist.linux-x86_64/wheel/./anyio/abc
DEBUG copying build/lib/anyio/abc/_tasks.py -> build/bdist.linux-x86_64/wheel/./anyio/abc
DEBUG copying build/lib/anyio/__init__.py -> build/bdist.linux-x86_64/wheel/./anyio
DEBUG copying build/lib/anyio/to_process.py -> build/bdist.linux-x86_64/wheel/./anyio
DEBUG creating build/bdist.linux-x86_64/wheel/anyio/streams
DEBUG copying build/lib/anyio/streams/text.py -> build/bdist.linux-x86_64/wheel/./anyio/streams
DEBUG copying build/lib/anyio/streams/buffered.py -> build/bdist.linux-x86_64/wheel/./anyio/streams
DEBUG copying build/lib/anyio/streams/memory.py -> build/bdist.linux-x86_64/wheel/./anyio/streams
DEBUG copying build/lib/anyio/streams/__init__.py -> build/bdist.linux-x86_64/wheel/./anyio/streams
DEBUG copying build/lib/anyio/streams/file.py -> build/bdist.linux-x86_64/wheel/./anyio/streams
DEBUG copying build/lib/anyio/streams/tls.py -> build/bdist.linux-x86_64/wheel/./anyio/streams
DEBUG copying build/lib/anyio/streams/stapled.py -> build/bdist.linux-x86_64/wheel/./anyio/streams
DEBUG copying build/lib/anyio/py.typed -> build/bdist.linux-x86_64/wheel/./anyio
DEBUG running install_egg_info
DEBUG Copying src/anyio.egg-info to build/bdist.linux-x86_64/wheel/./anyio-4.13.0-py3.12.egg-info
DEBUG running install_scripts
DEBUG creating build/bdist.linux-x86_64/wheel/anyio-4.13.0.dist-info/WHEEL
DEBUG creating '/root/.cache/uv/builds-v0/.tmpq4sRbG/.tmp-r6wx4dk8/anyio-4.13.0-py3-none-any.whl' and adding 'build/bdist.linux-x86_64/wheel' to it
DEBUG adding 'anyio/__init__.py'
DEBUG adding 'anyio/from_thread.py'
DEBUG adding 'anyio/functools.py'
DEBUG adding 'anyio/lowlevel.py'
DEBUG adding 'anyio/py.typed'
DEBUG adding 'anyio/pytest_plugin.py'
DEBUG adding 'anyio/to_interpreter.py'
DEBUG adding 'anyio/to_process.py'
DEBUG adding 'anyio/to_thread.py'
DEBUG adding 'anyio/_backends/__init__.py'
DEBUG adding 'anyio/_backends/_asyncio.py'
DEBUG adding 'anyio/_backends/_trio.py'
DEBUG adding 'anyio/_core/__init__.py'
DEBUG adding 'anyio/_core/_asyncio_selector_thread.py'
DEBUG adding 'anyio/_core/_contextmanagers.py'
DEBUG adding 'anyio/_core/_eventloop.py'
DEBUG adding 'anyio/_core/_exceptions.py'
DEBUG adding 'anyio/_core/_fileio.py'
DEBUG adding 'anyio/_core/_resources.py'
DEBUG adding 'anyio/_core/_signals.py'
DEBUG adding 'anyio/_core/_sockets.py'
DEBUG adding 'anyio/_core/_streams.py'
DEBUG adding 'anyio/_core/_subprocesses.py'
DEBUG adding 'anyio/_core/_synchronization.py'
DEBUG adding 'anyio/_core/_tasks.py'
DEBUG adding 'anyio/_core/_tempfile.py'
DEBUG adding 'anyio/_core/_testing.py'
DEBUG adding 'anyio/_core/_typedattr.py'
DEBUG adding 'anyio/abc/__init__.py'
DEBUG adding 'anyio/abc/_eventloop.py'
DEBUG adding 'anyio/abc/_resources.py'
DEBUG adding 'anyio/abc/_sockets.py'
DEBUG adding 'anyio/abc/_streams.py'
DEBUG adding 'anyio/abc/_subprocesses.py'
DEBUG adding 'anyio/abc/_tasks.py'
DEBUG adding 'anyio/abc/_testing.py'
DEBUG adding 'anyio/streams/__init__.py'
DEBUG adding 'anyio/streams/buffered.py'
DEBUG adding 'anyio/streams/file.py'
DEBUG adding 'anyio/streams/memory.py'
DEBUG adding 'anyio/streams/stapled.py'
DEBUG adding 'anyio/streams/text.py'
DEBUG adding 'anyio/streams/tls.py'
DEBUG adding 'anyio-4.13.0.dist-info/licenses/LICENSE'
DEBUG adding 'anyio-4.13.0.dist-info/METADATA'
DEBUG adding 'anyio-4.13.0.dist-info/WHEEL'
DEBUG adding 'anyio-4.13.0.dist-info/entry_points.txt'
DEBUG adding 'anyio-4.13.0.dist-info/top_level.txt'
DEBUG adding 'anyio-4.13.0.dist-info/RECORD'
DEBUG removing build/bdist.linux-x86_64/wheel
DEBUG Built `anyio==4.13.0` into `anyio-4.13.0-py3-none-any.whl`
      Built anyio==4.13.0
Prepared 14 packages in 3.30s
DEBUG Failed to reflink `/root/.cache/uv/archive-v0/KpuykKfBTQQdGlrsu7n48/click-8.1.8.dist-info/METADATA` to `/app/.venv/lib/python3.12/site-packages/click-8.1.8.dist-info/METADATA`: Not supported (os error 95), falling back
DEBUG Failed to reflink `/root/.cache/uv/archive-v0/MsIdcxEpouU4UFBXvGqKs/typing_extensions-4.15.0.dist-info/METADATA` to `/app/.venv/lib/python3.12/site-packages/typing_extensions-4.15.0.dist-info/METADATA`: Not supported (os error 95), falling back
DEBUG Failed to reflink `/root/.cache/uv/archive-v0/tywMB2L4bwAeGqVl8Yn5F/flask/config.py` to `/app/.venv/lib/python3.12/site-packages/flask/config.py`: Not supported (os error 95), falling back
DEBUG Failed to reflink `/root/.cache/uv/archive-v0/oSApzbvGmvuRRULjA_NuC/blinker-1.9.0.dist-info/METADATA` to `/app/.venv/lib/python3.12/site-packages/blinker-1.9.0.dist-info/METADATA`: Not supported (os error 95), falling back
DEBUG Failed to reflink `/root/.cache/uv/archive-v0/Le4g8HaQ4RNCR7WGjHyRI/certifi-2026.4.22.dist-info/METADATA` to `/app/.venv/lib/python3.12/site-packages/certifi-2026.4.22.dist-info/METADATA`: Not supported (os error 95), falling back
DEBUG Failed to reflink `/root/.cache/uv/archive-v0/Hq9tPRRbCb2dAGtv9-c5F/httpx/_content.py` to `/app/.venv/lib/python3.12/site-packages/httpx/_content.py`: Not supported (os error 95), falling back
DEBUG Failed to reflink `/root/.cache/uv/archive-v0/MsP-5A1RAaZs5Xgoypx5-/itsdangerous/signer.py` to `/app/.venv/lib/python3.12/site-packages/itsdangerous/signer.py`: Not supported (os error 95), falling back
DEBUG Failed to reflink `/root/.cache/uv/archive-v0/7PaZyrBmzjO9zlzWkUMP-/markupsafe/_native.py` to `/app/.venv/lib/python3.12/site-packages/markupsafe/_native.py`: Not supported (os error 95), falling back
DEBUG Failed to reflink `/root/.cache/uv/archive-v0/M-4AVhWaMkjChjl0TtU5m/jinja2/optimizer.py` to `/app/.venv/lib/python3.12/site-packages/jinja2/optimizer.py`: Not supported (os error 95), falling back
DEBUG Failed to reflink `/root/.cache/uv/archive-v0/1VoR08aBKGPF6ZqIR51qt/httpcore/_api.py` to `/app/.venv/lib/python3.12/site-packages/httpcore/_api.py`: Not supported (os error 95), falling back
DEBUG Failed to reflink `/root/.cache/uv/archive-v0/2dxiOem_XSwMEsCo1OYPJ/idna-3.15.dist-info/METADATA` to `/app/.venv/lib/python3.12/site-packages/idna-3.15.dist-info/METADATA`: Not supported (os error 95), falling back
DEBUG Failed to reflink `/root/.cache/uv/archive-v0/4dtIrFSWj1gernRuRxSEv/werkzeug/middleware/profiler.py` to `/app/.venv/lib/python3.12/site-packages/werkzeug/middleware/profiler.py`: Not supported (os error 95), falling back
DEBUG Failed to reflink `/root/.cache/uv/archive-v0/1FfLTlcYaoeRXABJbD9DZ/anyio-4.13.0.dist-info/METADATA` to `/app/.venv/lib/python3.12/site-packages/anyio-4.13.0.dist-info/METADATA`: Not supported (os error 95), falling back
DEBUG Failed to reflink `/root/.cache/uv/archive-v0/jICnSrtrs2h02eMLAltlx/h11/_readers.py` to `/app/.venv/lib/python3.12/site-packages/h11/_readers.py`: Not supported (os error 95), falling back
Installed 14 packages in 35ms
 + anyio==4.13.0
 + blinker==1.9.0
 + certifi==2026.4.22
 + click==8.1.8
 + flask==3.1.1 (from file:///hermeto-output/deps/uv/flask-gitcommit-7fff56f5.tar.gz)
 + h11==0.16.0
 + httpcore==1.0.9
 + httpx==0.28.1 (from file:///hermeto-output/deps/uv/httpx-0.28.1.tar.gz)
 + idna==3.15
 + itsdangerous==2.2.0
 + jinja2==3.1.6
 + markupsafe==3.0.3
 + typing-extensions==4.15.0
 + werkzeug==3.1.8
--> 884efe1e565b
STEP 11/11: RUN .venv/bin/python -c "import click; import flask; import httpx; print('all imports ok')"
all imports ok
COMMIT sample-project-test
--> 35d5d0d22b7b
Successfully tagged localhost/sample-project-test:latest
35d5d0d22b7b1a6e93e2d2ac9dd845ef2bf47515593b8f2bb47a4b451a96f037
